"","HC1","HC10","HC11","HC2","HC4","HC5","HC6","HC7","HC8","HC9","HC12","HC13","HC15","HC16","HC17","HC18","HC19","HC20","HC21","HC14","MET1","MET10","MET11","MET12","MET13","MET14","MET15","MET16","MET17","MET18","MET19","MET2","MET20","MET21","MET3","MET4","MET5","MET6","MET7","MET8","MET9","HB07","HB14","HC3","HB55","HB57","HB64","HB65","HB36","HB37","HB43","HB53","HB08","HB11","HB18","HB21","HB24","HB30","HB66","HB32","HB45","HB74","HB80","HB54","HB49","HB02","HB15","HB56","HB58","HB60","HB62","HB38","HB40","HB68","HB46","HB50","HB70","HB72","HB76","HB78","HB05","HB52","HB01","HB04","HB10","HB13","HB17","HB20","HB23","HB26","HB29","HB34","HB48","HB03","HB22","HB33","HB69","HB47","HB73","HB81","HB18.1","HB18.2","HB18.3","HB18.4","HB18.5","HC7.1","HC7.2","HC7.3","HB09","HB12","HB19","HB25","HB28","HB31","HB67","HB44","HB75","HB06","HB16","HB59","HB61","HB63","HB39","HB41","HB51","HB71","HB77","HB79","HB35","HC22","HB42","HB27"
"Q658P3",13.69839797707,9.46105742867907,11.9379854899781,12.3780514376897,11.8527892572816,12.4928102646225,12.0487281809536,14.1994591336718,14.1260966747414,13.0695500832129,3.02853271626245,12.2803788429983,13.1927665789827,12.2137862900939,11.457360606459,11.3683815458582,10.6175886700406,11.1941949515798,11.5329557796065,12.7975076252216,10.7728127396797,13.3119606985258,12.2057807806835,13.4892420855925,9.94285728945986,10.7641990019192,12.6957323772804,11.1373979914629,11.6466259542498,11.6602337201755,10.9363852752652,12.7732612055935,9.92997382482746,12.1668813969035,11.5528996124183,13.6125490245252,13.2512251883431,9.56562198095147,12.5056941969104,10.6629732930471,12.0936264899014,11.8526962694092,12.8260373320147,13.0172297882572,12.4167812573178,13.7805989199318,12.4541705950349,12.3241552594882,13.7642063358984,13.0159760274822,13.6475584197219,12.6695494634555,11.1767390571717,14.4139901804305,13.0394752167518,4.9536272678568,11.2572310811491,12.2013999968882,9.95201196934081,9.70089031767265,7.65536394833903,11.1082401743765,13.1903375461565,12.8988817947758,12.9070688603459,14.0094367150355,11.6537668237019,12.0711916531782,11.2210979323167,14.0443365511316,11.4670204697374,13.443025388618,12.8958631531106,13.0823499826604,11.2785720683013,13.0106227382613,12.7229563744718,12.1030648207126,11.3477031421111,12.7225998799715,12.5616454973181,12.3841762181896,13.8684641691619,12.2269923595895,14.1256725501243,13.5218875967684,13.1085730795382,13.7728300246545,14.2222358152327,11.2074043140422,13.3794312913858,10.8907124456502,11.0304511377304,13.3171581659019,8.74464653445049,12.0499179468496,12.1417871588994,12.6622987143958,12.0192623035506,13.6293308188673,13.0785847403682,13.3245860086339,13.6185680541516,13.5262934404805,12.9043481611397,11.733076070087,13.8175556770068,14.0128292882839,11.1546948946246,14.4330915806235,13.9368634558847,12.3264639113253,12.6082572828686,11.7033811817642,12.8582926892866,4.80204812970638,12.1727226831795,12.8511915514659,13.0323804268445,10.8942056556883,10.9230350902435,13.1440885032926,13.040298059925,11.5749857002484,12.2178975867408,12.5420553893613,12.7734307285694,9.12283883890955,5.39161156027575,10.9046348218826,5.44081519928407,5.10581933612207
"Q8IW35",13.3365818122049,10.1841693993038,13.0611317749191,13.0845337804255,11.0431619866828,13.2054175048459,12.1628428053675,14.0645946559602,14.4297406207019,11.6105723928608,9.40276501815626,13.0941732784593,13.100568972056,13.2914513827383,8.02045087592355,10.5833522807052,7.8741663879983,6.57805118328376,6.16850318921378,13.4512372280534,13.3091888863305,13.454495140773,13.082090731649,12.9147784653686,11.8066637327599,9.94723765459797,12.490947878848,11.4802116884941,12.3986599659836,12.6321536508501,11.0196569165038,13.3996272900639,12.0907255176488,12.6330527924194,13.5635476844555,13.9673628320421,14.3896452620346,13.0933314200646,13.4974418235363,7.69636428369237,13.2662180373157,14.6478224673103,13.6231706252585,13.7724105427578,13.358305964092,13.7643034481113,10.8150080830283,14.0543593092073,12.9746506863964,11.679424680115,13.411569353372,12.5493319265795,13.8834146809956,13.6450286230659,13.5026181768751,10.5360329558655,10.1657449400747,13.6251799993063,11.2865338165898,10.6858836555692,8.73460198970119,12.9076510642242,13.4075685487109,14.534283382127,12.6971516295381,14.5391227517985,11.6046480093119,14.820052345713,12.8666515150637,13.3816905574873,14.6129358821406,14.1284797105183,14.0010357662477,15.5603173457782,12.711642491703,13.9914733051963,13.8031022112421,9.88684587715433,13.1688505817219,13.3354731466261,13.7016433735603,13.1315821253262,13.959474951881,13.6492199573713,14.425439342535,13.4363161264447,14.6835038072622,14.3432489921214,13.2956069447257,12.1787752138804,13.7660144095215,12.978006129524,12.2716766659477,14.8203959135551,14.0138663940904,13.0497146425195,13.7397608805811,9.58161736754941,13.2417356348731,14.5668672145498,14.008651141526,13.6221966023499,13.9588513253969,13.7857328766233,13.7183546068886,13.4254879466832,12.9435913463198,9.44192711906993,10.8163229409119,14.1364758925578,13.7372390175912,13.147203778693,12.7835637592859,12.4860245693851,13.6710111230701,11.4800300320189,12.0837997242184,14.3474944266016,14.5208943501584,13.1103418496515,11.5136714357562,11.3393344330141,13.6802648284866,13.8297023116432,13.8105273007187,13.4850076795817,13.5187920338315,12.3514846121599,6.04957432188717,8.9937548572943,5.62002052402963,7.76961291753173
"Q96CM8",13.0275779317477,10.6225864635277,13.0224540401304,13.2936212027751,12.6390930734853,11.2695198416902,13.4831682253881,13.9045743761866,14.2471882611961,12.2427343677871,9.86709242907139,13.5607744510615,11.9398043145466,13.9336411134315,10.0169396033354,12.5734876559051,9.14664116256189,10.5263513953679,9.21262652767035,14.115164347657,12.1055118687964,13.6270071382256,13.5251534361664,12.9096609767476,11.5229909827282,10.9254960311822,11.6201898241593,12.803860575193,13.0943972940103,12.6715742266025,7.47879941519162,13.2770481308215,9.96866781709949,11.6986361734961,12.3247246563853,13.0287881967525,14.0884669766864,12.9463653069258,12.9287505855258,11.0140992151698,14.1291157878865,13.5128616157257,13.0181776661448,13.8164955200946,13.3695248430377,13.1703482717924,14.4699456613003,13.6737815350368,14.2911396300807,12.9044590013704,12.289383958664,14.8341389114387,13.1888595365551,13.6519166382875,13.9352738931902,8.5236444204518,12.3161947212754,14.0812317734034,11.347993181715,10.8346317478974,12.8023756223298,12.7374846442988,13.1447059615606,15.2327818313407,12.2147824898379,12.8068728906551,13.1052723026052,13.3111590088655,11.9084068814553,12.978514473229,12.4766919441085,13.9261024026314,13.9521453864605,13.7969055926678,12.1786814782043,14.9026396735729,15.0607071489105,13.7043382999055,13.571698176792,12.4034947641574,14.6672891895102,13.3974101991758,13.8994379951027,14.1790224910261,14.4707273021928,13.7489825161067,15.113525457329,13.5869063029872,14.3221798098486,12.0404589664597,13.9877131640627,12.3923290800451,12.8455389418579,14.6857888140369,13.8056441154612,12.1600104453869,13.5792197500804,14.3465658540871,11.4557136758834,14.1173017856809,12.8379183431146,14.1988873486869,13.419355136691,14.0730963063106,12.3299177739239,13.8224210349229,13.7780796816304,14.6805006990251,11.5686399133305,15.2588534620625,14.1183457902686,13.694308273497,12.7066277568781,12.7467518982176,13.6400861618009,12.76420837681,11.8302304204487,14.4376955440352,14.0216215416777,13.466757088501,11.37174108251,13.620458416038,13.1604185797191,13.5351908979631,13.7177534183353,13.1471520892815,13.5625674026646,11.4329037929753,10.648608865844,10.529744093278,5.38381484606604,8.3025943242875
"Q96JC1",8.0302783708957,7.60179830974025,12.1531502823053,10.6939010254856,9.65109672172979,11.3645878123243,11.542272033614,13.7348009066365,13.6188717023052,8.93477889376978,5.3462134707443,13.8411541962986,9.48654746703826,11.3021862092873,8.7217331425995,6.46194641710795,7.62486615136184,7.38775255507897,10.1880918850341,12.811531299935,12.7167168876421,11.736344660126,12.4061733037345,11.0428200634824,6.2975896622642,4.93089767693023,9.5744402044261,9.10108916251207,11.8240261371019,11.6442798900207,6.80315330468834,7.44754784557313,7.88845604687528,11.1493536043454,13.5763397255567,12.5860703805977,12.8149996884852,11.9690176498208,12.8101485939371,6.39215997362863,13.2870657712355,14.0156128488694,12.6570717555454,12.7324192980819,13.3921200857407,14.0733713077045,11.6581766177625,13.3309627898233,14.0779648368331,13.8107605346284,12.7858611057596,12.9049724288528,13.1436879546658,13.9105614561422,13.8046438704587,7.29712658019719,11.5868910564264,13.1752886540566,7.21281144487186,7.92445573843864,9.87154277674952,12.4894806822799,13.7079588688286,14.1580678267632,13.4183949066245,14.537122423175,9.25998646449055,12.758535456339,11.9219202644005,14.5118048661231,13.5092424496419,13.9342367016276,12.9024677277736,14.2980152168735,8.64097039296179,13.6588660777713,13.0292607480999,11.997764835991,13.0832177758616,12.9908951397233,14.5544468113371,11.9933865493225,12.9666212538688,11.9768606407173,13.6335230213956,9.70734111958856,13.6994345469228,13.5484412246399,13.917140615286,7.82667461344838,12.8651418581301,7.39075992356757,10.9197832326217,13.9983706349375,12.6084456633278,11.5492966626026,13.4076460537414,13.4852241004133,12.6106137275559,12.1242831424416,14.1578866569913,13.4585521563563,14.2205216579509,13.5096576717875,13.4262647547021,13.1448990347393,13.2822266529398,13.524901372895,11.3760644371835,13.3648186236554,14.928719852814,13.6556525312028,12.7550310156017,13.4841585504881,14.3142616189481,11.1269730748046,12.6271139651301,13.8150498306129,13.6225659558649,13.8078070350458,10.4408691676109,13.8542402566695,13.9545153763033,13.2817293190903,13.7437611507366,13.3878487921108,13.8475755334406,11.4621523136857,7.63831821137916,6.31813858228637,4.89141803819488,6.22076902129867
"Q9C0D6",11.9780807269888,8.68956850211586,12.4094027276711,8.96612911482647,10.9992979909002,11.9528768402092,11.0820057998312,11.8525221691605,13.2811770175092,9.50771146843146,8.20423110011851,12.6029307909152,9.05068245225862,12.4992599216886,8.97014953120781,8.94006609584315,9.00367829144461,8.52639231880759,9.02366016462108,10.6844990381355,13.0545338157521,9.12674701179818,11.2822901414967,8.09584371719412,9.12415072398777,9.2054468950707,8.69099622254105,8.60950293625057,9.54914493915594,8.9904913982023,8.90445897274048,13.0034377212612,8.50921404582419,8.85309491901531,9.37412282213062,12.7448609222355,12.2757722130684,9.06989527276744,13.2015680480441,9.32296343110481,11.3966542349291,12.5055002992621,10.0320153276455,11.6072914602767,12.8435271588176,13.2703470843085,12.0917659385168,13.8026992381324,13.1193600481139,9.2672820710691,12.7460943837055,15.0304947197495,13.252813241993,15.0342831309619,12.8564782196205,8.94997110903383,9.70396223423735,12.742881463831,9.29566708809862,9.19713205596917,11.4219022544157,9.27352679031239,9.52503651047251,14.9082518723265,11.9199986236628,14.1237691196233,8.671064519585,10.8505281190284,8.13965047250376,11.2515902215209,14.8999076133393,12.5290471490558,13.4420508683909,12.7113274829702,9.65079306808429,11.0417813222218,12.6331325871904,13.5284553993149,12.1317676817662,13.8907036073696,14.1055447140473,10.537516770769,13.8779819971592,13.8481338746798,13.9252974094565,12.3616696794928,14.3324584831247,13.3061122111903,13.2667865406949,9.34621855440609,12.8809227105865,9.67942421556347,13.2482240896685,14.6565365918386,13.6633357234784,12.0973737689902,12.7023564833568,10.5312333646284,11.1720454306978,12.9625345635113,14.3518530594193,12.5998034261325,14.4329286179898,14.0559602344523,12.5484438961612,12.6244119034266,11.8710510207078,11.1648535875918,9.22286085089111,14.4516618836032,13.1423185196177,12.3355490096455,8.72368947870887,8.54833372232741,12.9766162455325,12.2200759709843,11.3094763538411,13.8411400457954,13.6290677235174,12.8000673877977,10.7125270004398,12.6402769785966,10.8914470491373,12.2289374089695,10.5150676108342,9.10036622082399,13.3635178222378,7.47892436780134,9.11503842551721,9.00934648035736,9.29361065814232,9.30876669816451
"Q9H227",8.87429376409842,9.84211108775357,14.2896184361306,13.3838654631027,9.8575763880701,10.8289435663375,11.7941068415396,13.4795202511872,13.6894553530332,8.86924369104874,10.5057053079305,11.3731824019379,11.1042887316048,13.036216845638,10.6194144527592,10.2349489658085,10.6299413636274,10.4607630354109,8.18955455885228,11.0823479244876,14.0460875112164,12.4582210961008,12.3324840170649,12.8164906772691,10.5135114015445,10.4896330142775,9.37575463077339,9.74118609008299,8.48404493121401,8.15705502515943,10.1115795282984,12.2484116832015,9.85378088054617,8.05291221724417,12.6814085508795,11.6548011231404,12.1926306446915,10.3124411929248,12.5509837823752,10.7321658903063,13.0962333179184,13.5957111918855,12.6285128560419,12.5802301661199,14.9651433804833,15.3079739488832,14.682392720019,14.8629739500834,14.1103763673929,13.9364867529405,14.9712320738962,14.6307836211678,13.6749144246439,15.8577887263233,14.0626909021296,11.0312744622628,10.6690641854349,8.69535305480806,10.3892044830509,10.2232632212991,11.5242751915484,11.5085009929516,14.3660077075636,14.2424284934574,12.6115337610229,14.4112054599323,11.6175513082296,16.0147199275611,13.5858226138423,14.2593693059184,8.83795821692077,14.2071938825578,14.4504557167751,14.7493145613246,10.537785378138,15.0906306744602,12.1710625407366,13.8401807847873,15.1853060920839,13.8393686536123,14.9612253245917,13.2344317680259,13.6021677903498,11.1386981789644,13.4113205009295,12.7381514163814,12.6281806948771,9.09967336420035,15.1330042554272,9.62754372546958,12.6562545691403,7.79832393081233,8.61942234610285,12.6560378886075,14.0468856815428,8.39357536583969,15.5481008467487,14.6652710995135,14.5761328831534,12.9441589712981,14.5823463173502,14.2558454931581,15.41917370921,14.216908612384,14.4957173426337,13.6528071899416,13.6659790317465,14.3366916599472,8.48307133850558,14.0406871426796,14.5582082060901,14.7706999750007,12.0068772695001,12.9154085214144,14.9440994024944,11.0810806093215,13.3523403473743,13.010076054263,15.1132916456963,15.7475973484871,9.68451203527906,13.7684703730875,13.5896491283998,13.3801501008154,13.7699097368921,14.3395089351654,15.1743522582147,13.4249927540581,10.5518280716236,11.9211017343324,10.7238005825086,10.5947019780034
"Q9H254",10.7358859433084,10.1107038600096,13.2037316834225,12.9771229131579,12.4282296418875,11.9705172004585,12.4102408707416,14.1907362384576,14.6672860503019,12.0590892557608,9.25534371601593,14.0432846851357,12.3912676180954,12.485566994447,9.37442986876172,10.6424787224147,8.94255397229726,9.89644216884457,10.9396011783139,12.5819829575851,13.6542301533823,13.6414635755414,13.5429945222687,12.5736090002277,6.8197849185669,8.32848098962652,10.8239889618968,10.4595744234035,11.7184162241559,11.6837937112851,10.5751512729083,11.5090808772971,10.2397962928524,12.4774961653247,13.5261601067469,14.1440185175203,14.1352763934586,10.7739499064267,12.8781341898762,7.55837233857517,13.8112817390366,14.5622960685486,12.943034797684,13.2680871208526,14.2494704371744,15.109735210843,13.2480989226654,14.2649786502226,13.8652883604618,13.5859242618823,14.5816424248367,14.7210037520571,14.1433132434918,14.2789493655674,13.9492796118736,11.2130980910893,12.0006970909429,13.0986596201267,9.62098327257767,11.6193701814563,10.4272425335553,13.1225203658764,13.7996638563232,14.5089489182826,13.1804432904582,14.9114526318288,11.8574427413875,13.564899767419,12.3585149438295,14.150196206475,13.6598011069189,14.2384465746331,12.0802082892937,13.4705757263085,11.9318665541519,14.4639561935342,14.3542492122983,14.0015578824283,12.9587489665344,14.2558138344484,14.2209483163059,12.8756739999967,13.6816791297251,13.1327768327742,14.6470989499242,13.1971076757575,14.7592785084404,13.4897846836604,13.8101875821081,11.4525147962318,13.4152264971372,11.0600953720765,11.9071143333345,14.3607326279583,13.6861539917974,12.6858860630625,13.9652269174639,13.7035446200116,13.4805089307595,14.2475629470402,14.001215908662,14.1701350784714,15.0113002658495,14.40378993947,13.7907207896161,13.4162434170995,13.8853405771763,13.1500693151554,11.9069260107611,15.2060965162561,14.920763861208,13.9068263784002,12.9402849964686,13.8554722782008,14.3326611763813,11.0033253542062,13.0846738212456,14.561797099701,14.6254912098991,14.4261644126191,11.3470234738493,13.6420138327633,13.4619447987237,14.3743578720496,14.0460971369382,14.307650679679,14.7510749949673,11.8776385438372,9.75169127763249,8.82535340627622,7.8364668885769,9.43726181268535
"Q9H4A3",10.952778698127,8.76250584142994,13.0033882859497,11.8024976335944,11.5622831951155,12.0875398796882,12.9070153418932,14.2809132092431,14.1173039980662,12.0783744800241,4.84486555983051,13.2997216457175,9.51391304352842,12.8731142252163,8.11596582217811,9.44182995652568,9.77469045466958,8.53005348917641,7.63282219033127,11.3745597484071,13.646223401052,13.3562482337774,13.235328714839,11.3107868769128,7.85460728398515,7.16779159261175,11.5946675043719,10.215854116652,11.4846005393599,9.72282566333753,10.98026679316,12.9076413674154,11.5877496815794,12.2120144095641,13.5820743109125,14.1818347440836,13.4012714452883,11.3419853086917,12.865820151996,8.112489102532,13.8143002133182,14.6786193521636,12.228656574766,13.951608048383,12.3776744450857,13.634247808675,12.9876501179427,13.9971939705907,13.6323630249055,13.2185030235824,12.799324655173,14.0401519066028,13.8569850364568,13.8810706590813,13.7429012428868,9.1216026619482,9.81834463551656,12.4158794647161,7.97051934586504,10.238871325494,9.25770350177599,12.0582334117128,13.2342103588931,14.1642672124123,12.4249178777347,13.8600624361803,11.8307936137303,13.4557758530334,12.1485417445342,13.8274130026812,13.3745937533713,14.076102628212,12.8819355803346,13.9630359379241,11.8602063278383,13.3664693509872,13.075983692003,12.5161556070839,12.7204747006707,12.5856407338117,14.4028862490893,13.3567951704075,13.5019893901914,13.1278165237247,14.2263492218114,13.5403917453968,14.4330450243748,13.8288484352796,14.1942946734833,11.0817143016044,13.1947924333427,10.8951365252436,11.6366782364182,13.911230502315,13.6006011617229,12.4786331824969,12.98657080613,13.8489860539826,11.919774882212,13.9375164891968,14.2975240483575,13.7469856660544,14.6755897022094,14.126678206095,13.885918131113,14.0017006019962,13.7040069666414,13.527292224032,11.0369011661803,14.796017078409,14.106859375242,13.7738883811887,12.7144324084249,12.8642954215674,13.4012382688364,9.41707702442773,12.5374493986065,13.7929311036405,13.6685226676848,13.4117069585051,10.0707536263646,13.3389506513217,12.992887150266,12.9206864401636,14.13867422384,13.1355169379442,12.761043456517,11.6380677319953,6.90655589326806,8.57667736380547,5.44241503859815,4.79990723914104
"Q9HBI0",12.9634066707901,11.1825710640464,11.9429893551014,12.3528240215937,11.4628032798348,12.6545766149087,9.99233505317365,13.2647978955077,12.0494032992876,12.2414066194924,8.68094368905001,12.5660233294848,13.782507920681,12.7806049702019,9.49350867418415,8.84873422759373,11.4803999668267,11.5071326125721,12.3005473079897,13.0434696111587,12.6631721513485,10.1329478361525,12.9833635209503,11.8200130615263,9.2327467695103,7.28559203283174,10.8105665452411,12.192359684264,12.4410478487637,11.8676884273498,12.0428356762647,11.0660335184321,10.5905625248765,12.3348366345669,13.8553094423668,13.4384974060777,12.5617480556465,9.81293085846012,12.6784162453505,9.00883345408216,12.0698181529614,14.126419980045,10.1430513732411,12.8456366900764,13.5269917170973,12.1250585267542,13.3230569050103,13.9865486206341,14.0042510254688,13.7684583943617,13.0426065174569,12.4331769808833,13.073276754815,14.5219699674657,13.8822777237704,7.08086640307667,12.5055973490659,13.1167923824183,10.4223117239017,10.5968455250454,9.87355951255711,14.2002761232582,12.3307513142765,14.280888708061,12.5176888617644,13.3106199497666,11.6114524360744,13.6433073068376,12.3209650252093,12.8695626527912,14.1013771786844,10.4731353410812,12.393360213188,13.8239449634264,11.7614868211282,11.3136581487821,13.0093833004475,11.6894126132762,12.3081376119989,12.7985422715274,11.9135696775281,11.3263286107976,10.5364187493803,9.73020895208825,13.4394152489391,9.45101245461471,13.1667479791108,10.3961582105561,12.8023795744362,12.2004590729062,12.8646844771726,8.37462184588609,10.5582087301003,13.2428676272773,12.1972792357342,13.2026509547588,13.9302642829446,13.5824086774491,13.418633876204,13.6028600088625,13.2592395342822,13.7186265094241,13.4374466140207,13.866309853072,13.6136400712813,14.5769808505097,13.9647400386445,13.3063761155569,10.4007173518591,13.3668374805369,13.4967944451132,13.4365342304379,13.1686878723631,12.251077500862,13.7471003146329,9.83007605036398,12.1363776883214,13.3107431015173,12.5458902767398,13.7866123677846,10.7242357280548,13.9889785602975,13.5782184902388,13.6565675485301,13.9762264576845,13.8125188251332,13.2844887969925,12.1831848203411,10.7177166702482,12.6134687106383,6.54899009378388,8.69470875526416
"Q9NUP9",11.8439364071994,11.2700017264011,13.4788039758986,12.4667874708115,8.55499427193845,11.9459379774453,11.3608263283288,14.7468135452965,14.081768698118,11.5141681434594,8.74007228690493,13.7419541075468,8.80494503730489,9.24882779909646,9.26723350291388,9.80165922493938,7.9999668102685,10.7094393475407,11.9607618469319,9.17965511700408,14.8603500340353,11.564414780189,11.5624462969407,10.4782946760718,7.81626866351472,6.87053368075948,10.8454518701957,10.7556581228883,10.818141450346,11.8217015219541,10.0371693213057,8.59394803505492,10.2867432640966,11.1456353520955,11.5974876070368,12.0714388381558,8.47582166816604,10.3019068349999,8.49804972468244,8.98486893849741,11.0284017324828,14.8642014120182,10.8212304558165,8.85744286701072,12.289293953119,13.65394005487,12.2294135150974,14.0010886221629,12.6765568954385,10.9168181405403,13.2995271460075,13.2497785279051,14.621330771177,13.4287269673763,13.3195505878572,9.81742082731527,9.64184004053793,12.1671017737882,9.87888657343001,7.11674941932276,7.39195068633897,13.2511952310529,11.8959181132756,12.9184582914629,11.4408931749927,11.3710463017925,11.9478985171168,12.8264696659853,6.92268920210963,14.2482189006447,15.6013733561242,11.8895401607655,8.45916031871471,14.0741251738204,11.407218042486,13.3193009767303,13.5634427698315,11.7802601226576,13.6218159990895,12.8400030348077,12.8617619091359,11.0401363422526,10.6452143984441,11.0944139567592,11.9830189745148,8.77932031099033,12.6828873499188,8.99322016119121,11.1293194462314,7.13115347201589,11.6120971889414,10.4241141518463,7.39369028965048,14.7955757599257,13.0494133845037,11.3153541295454,13.3527334789171,9.07193695556471,11.4997001819678,12.8727784437704,9.22383673501906,12.0418804703484,14.4499353125688,12.7978067849413,12.0897746624758,9.82305590936893,9.75187980668656,9.88551130518481,10.6150256465231,14.1372634057531,12.0884207857656,13.145654441359,12.0073690427291,11.3916741191383,14.3890180972335,10.2787019537779,14.5074118593681,12.9842415518368,13.7345379819345,13.409891181973,11.8040798635202,10.6339349320661,14.0807318519337,12.693784613747,13.2019870193799,10.9165184491013,11.6808316355227,8.66896549884726,7.12633429008137,10.9232161813196,8.28439717080496,9.25647607933705
"Q9NWX5",10.3797466766026,6.20564272352233,13.7636041853344,13.7376104436363,12.5307037441294,13.1733279339245,14.1901139532825,13.5395446076541,14.5360312464164,10.0044546766513,7.160775812165,11.9429813616026,7.58083694466538,11.8537512245272,9.70492992917849,10.8723978842065,7.5567931864948,10.9103964458181,12.491714901977,7.8698926947664,7.92322088652621,14.3038468956322,13.5994054688165,12.6789680054508,6.70205559158835,9.75531526398186,11.3117941198988,12.6447843524107,13.7505422962891,13.1686755977076,12.1182121522991,11.7184812562756,10.7608285630258,13.1145537962104,7.79772295645221,14.2576993447497,14.2601649330217,11.5869536969706,14.409136612443,9.37301127939762,7.74118849952523,14.4868029565438,12.5501011259441,13.4066000390807,8.20502383945595,8.43831963337082,11.1754042005385,12.1781004126998,8.40330802752998,13.9042662150987,12.3584063213712,11.5506318141209,14.5295341517129,13.926040417171,7.86923447033836,7.36227556081881,11.2256890266791,11.6297256875883,9.96304171480998,7.22274718859673,8.2823370439661,10.6411960983886,10.453083717925,8.16527113282542,11.7809571693704,12.1657843026606,12.7932913179918,11.8239677793847,10.6809512455177,11.7576557342001,8.84619733811433,14.2309239958427,12.5352030393709,8.61239885299266,10.0002821299832,11.9780022644671,11.2409787569031,11.356286131182,14.3747094115997,12.1133625247174,9.03692967548855,12.1966544971065,14.9083165735673,13.2288927901604,15.0267491974435,13.0352478471903,13.1044908583759,10.5463194001985,13.4667632654636,11.8717837535308,13.7141434495385,7.9003841103417,12.646887237262,9.42359488696619,8.65752217837145,11.1030726500058,7.56738327460134,13.3016020678009,13.1476869191664,13.669280743816,13.4972160055488,12.2157132445879,12.8210904371517,14.1313094106785,13.430336781957,14.5025072965283,11.8847824489778,9.22488616595965,11.1303170515117,14.5270005205846,12.453418718886,12.8657347172874,12.86869305729,11.2763494215767,7.84259923231159,10.4017378373133,7.08900331389475,14.2583130138202,10.877483165818,6.98778079472513,7.28389196138388,13.2209916640507,7.72056270850486,10.5348820784479,8.55389220316308,11.7288153224478,12.043253900138,9.8026256298923,9.1659024223491,7.25022549851793,8.62001204394386,9.07071462736503
"Q9UHK6",12.1937579397233,12.1895157298002,14.3860921627054,12.2848241002246,12.963257356633,12.3310732768941,11.5554588720554,15.2410914724028,13.957059754376,14.3138750340391,10.9303099248343,16.2921451342251,11.1610727215646,13.5158230139546,11.0538970308092,11.2355890458068,10.0168082876866,9.90211133212989,11.6309543334451,11.8613254653384,15.0843551131762,11.8023657303599,11.2638655626767,12.8425721295787,11.071046513058,11.0958990614327,12.1870939990005,10.5426190614162,11.5604224036504,10.766621530238,12.5347892114803,11.2868564681226,11.1778809497674,12.8442628209464,14.3420290291553,12.3262106417212,13.7852347765536,12.0085548762627,11.3954899886457,10.8610869059954,13.5445691185881,12.6291289040282,14.704984324893,14.3820471383122,11.2223193797743,16.3635296539318,15.7707671158296,15.4995564443292,14.1677564529718,8.74766861698472,15.1897720377883,16.5971796383577,14.2553682585866,13.5824948482475,14.4307298923067,11.3818167560836,11.7327824385252,14.7623820387104,11.383870570931,11.0263246551892,11.1687877677815,11.5705890093946,10.7395316393783,16.0891109117087,11.5193308145515,10.7239892997181,11.6963301314703,15.7793163726697,14.0863629203238,15.7212594317745,13.9516971208249,11.7842332349446,11.0326109127215,16.398687515482,12.9237006486053,15.0655844280615,14.5634346357102,15.6749882476165,11.6203343019196,15.0083031028056,12.4478380827388,10.6017707884077,12.2946185538007,12.0139448292715,14.9476825921358,13.017309154044,12.0697301639988,10.1375910370251,11.7844876708726,11.7442312197517,10.6621056144917,11.4818943020625,11.8597166538048,13.9365302000814,14.478011171176,11.9633652313936,15.504531521629,14.4212101474091,13.9739663669042,14.5397872956797,14.9520534425812,15.3672857286751,14.872861489615,14.8336313404443,14.773090421754,14.4835638881251,14.2099033272579,14.1979515404904,10.9855111707281,15.9148806221997,15.0598111716911,15.7835553074597,11.1901404890617,11.6907390307084,14.9037032859338,10.237306676228,12.8817271737889,15.3779584341843,14.928903565398,15.6311236866318,11.3274598187265,15.0593559232979,16.1121461923258,15.8495481725175,14.4653954882535,14.0925462145886,15.0139559514828,10.4566296888031,11.2434035512242,10.7361441169026,11.1038686140029,11.1703913661198
"Q9Y2A7",12.2740814444745,9.56283710090177,13.3971181780229,12.2733630498985,11.1627223988842,11.7532557252085,12.2514877355377,14.2428522393674,14.3164550342583,11.9224840671366,8.91560055471108,13.650566914997,11.26657737925,11.8622917937702,8.61948809638264,10.0932740979549,9.56275147650341,10.9821428665778,10.4537619490447,12.5109363943468,13.4215830759153,13.1814118273831,12.5034924212687,11.8827105883772,5.62760822939866,7.53517081327264,11.0328261388057,11.2222789491501,10.3312310034007,12.1256723730322,9.67867197610969,11.2328147726763,10.1123089099247,11.5606097131492,13.2067291729392,13.3114764406208,12.9614242080619,11.4430670594239,12.3525911380562,8.44748848758028,13.3944664439836,13.4004281662336,12.2051747586855,13.0724231398803,11.7740401033008,13.771231605961,13.4755009863005,13.1253268379195,13.7494559167486,12.5056396588458,13.6122357659548,13.9516525519443,13.5529494228483,13.9153738014383,13.7329618520533,9.71958173949135,11.5362078046897,13.0220042196887,9.12549476167155,7.89373445482541,11.519895059948,12.8854514335678,12.9126136262608,14.0997251447316,12.6948513779664,13.8651961285542,11.5501947688333,13.6310007148866,12.9687235462954,13.9221577897989,13.349003523681,13.678736120786,12.8008204718108,13.6965338287422,10.9191887758726,13.2564704776568,13.616478203918,13.4753185159653,13.1140233823007,13.4361946208214,14.1253962454025,12.6040599940175,12.8457852472967,13.2761456416125,13.5578958527279,11.9576357647398,13.6437851402686,12.8798060175634,13.7960280334674,10.951672176778,13.0957510715452,9.8386636526256,11.5101187244211,14.0147280724086,12.6041519624079,11.1055754643314,13.5375820966102,12.8933280832264,13.0461216402122,13.2569540602644,13.6927609330887,13.5418618609259,13.8421587934168,13.5496720351809,13.2202002562179,13.9359967751288,14.1200625397506,14.24234635496,11.3821068806515,14.4112273548114,14.2902478874266,14.2085703989836,13.0158010834817,13.1527531830422,13.6715890388887,8.34687258942988,12.3120873222341,14.03953658743,14.2044105065841,13.4242167973391,11.6155396661834,13.1447766504706,13.3079364488829,13.5681371850675,13.5051230347369,13.856069813282,13.9642838171321,11.6272931433176,8.32688418919564,10.132467513086,6.25698577041729,6.59850325009513
"Q9Y2D4",9.54472291566451,8.7341370735434,12.0362511151431,8.2723124245263,11.4359603745383,12.5280519513136,11.9963462680225,14.034907836856,13.3389430475468,11.9203083056612,6.88497651680254,12.5167741217432,12.4753741911344,11.4564544222585,7.01322958604517,9.31533488124907,9.23857156191873,7.61145249996919,11.3692239653353,12.8837284410074,13.2054108309016,12.5306624874486,12.8760534563781,10.6284024681568,6.8194555816835,4.35436294351916,10.0412591783215,11.1512782166179,11.5039518883557,12.3785518047985,7.64784437103162,10.2434273116303,11.0975187672937,10.0865975934489,12.839154852,12.9756461689488,10.6004786668972,12.0607038847606,11.6400758997843,6.13616921462877,12.104272111656,12.947274809546,11.7387104248316,11.4190781285123,11.9057568013972,12.2700120755296,13.2355550026646,13.2896138936352,12.1760574737501,12.1439731450186,13.6811807499054,13.2851866831585,13.0893989683685,13.6939579050815,12.912413429316,8.97690902412864,11.3621916348296,12.5262672972671,9.81878723104591,10.9218925238147,8.33784261804244,12.5330804514939,12.9552913450808,13.2650309723688,12.1403065687366,12.0209228752595,11.6770887519013,11.9390836871488,12.0755663823445,13.7609877080846,13.6053446338324,13.21165864039,10.8701540993626,12.8276216944407,9.47782823286165,13.6379289885896,13.2619016852123,13.8639515312402,12.8858034882001,12.4634117882573,13.4449409484591,12.3570589182526,10.0746969700143,10.6426366915913,12.7079353854734,10.4062337602319,13.6969644270801,12.1479616450848,13.0742943898751,10.4593945458213,12.1293700793098,8.02361019423424,12.6058392397822,13.722269391621,13.5364771744181,12.6271669571842,13.2979387689057,12.7019264615067,13.1688332411622,12.6063421061328,13.4452247575522,12.8908090253259,12.195829803812,12.3596165850138,12.9533598955684,13.1407726170035,13.493767527469,13.922546334557,11.4232425267249,13.6510389561543,13.3358798085883,13.2976823653428,12.002686200811,13.1401652943084,13.0182768828708,11.4359603745383,12.4740022053491,13.2167462630492,13.0466949963632,14.3675204381824,11.0884931345812,13.6942049833778,12.5227969215853,13.4728818593666,13.5369534606411,13.9448897600218,13.5678513276841,11.5223847998666,9.36081795852726,9.13445182341299,4.19734489655502,4.78278652461169
"O00534",11.9355455010022,10.3571771081018,12.7351792398288,12.8333269196073,11.7512033051188,12.3489540868843,13.2754893154233,14.3570809153544,13.9665763287789,12.2428681638918,10.3685359903701,14.2203677189666,10.1071147233822,12.1352816700731,8.54141504175097,10.8357988630562,6.70755758204713,10.2100597961959,10.8854163154849,12.505146195979,13.9110082046141,13.8217475595923,13.2199695334038,12.3526938097243,10.1338198329317,7.3234099821271,10.6557068516538,11.8734992955736,11.4535704976555,12.0615066488085,10.9713732710886,12.5256894269041,9.60113672260786,12.339889411605,13.5737677921683,13.4680316593176,13.4994916065581,12.7995185501402,13.7042261119143,8.87302666820134,13.0457324297211,13.8141316584563,13.0849014063128,13.4069881761607,13.744096580733,13.8050900297209,13.1074277764109,13.7950430939071,12.7230188967819,12.6456059065133,13.1927408945462,13.9913958794744,14.2732567450182,14.5027338701409,13.7644153473766,9.366917232859,11.9095025322146,12.3072528144632,9.7303740126361,8.98903814126239,10.1212760005328,13.3071719542865,13.5997715606244,14.5102215723311,12.2170905040188,14.4263691518799,12.0909378202623,12.3674680732154,12.1346656318669,13.5105339781231,12.2183162548975,13.967148940432,12.4163740226053,13.7726119121685,10.6653860795418,13.8167064095448,13.1146389723783,12.9515570065835,13.1157954006172,12.9314151982237,14.3538851373992,13.3800562580661,13.4040380762361,13.2274761066432,14.1540607392874,13.5981276489541,14.5336749548803,13.4555133333504,14.3089786638583,11.2865939456546,13.0140952345555,11.2036110184658,12.6135385047468,14.1839044729593,12.6445225955179,13.0434936906005,13.3801540846904,13.8375732459798,12.371119543251,13.8318356258867,13.5344025988948,13.4578711277494,13.9695328649832,13.959380876279,13.0354255925768,14.6850787078963,14.2711586632133,14.0384942123876,11.212661175287,14.0442793689917,14.9857318112045,13.4201389897225,12.6368882155542,13.2178946575951,14.0221688928158,10.1175707571011,11.8495620903444,13.8065191517762,13.889126637397,13.2200058486952,10.8442030646468,13.0917212532775,12.6819435926508,13.4576737354146,13.2026751375964,13.5425664004611,13.4966572035638,11.750889767876,7.63211364572127,10.2939634834683,7.55027269506285,6.03627128720931
"O75071",11.1093004603951,9.44199864086688,12.4450288616155,12.9413418724317,11.7172480058276,12.4994054080142,9.92489825836487,12.7871271299888,14.2371278680828,9.84481621324987,5.90040799538319,13.5241743833876,8.76095340914778,12.6908987193513,9.25482709942212,9.8643875739321,9.79279029430106,8.77422559269976,10.826930373019,12.5383192717864,12.8875630070881,13.01471792986,12.8829312852417,11.3964530787755,10.3233628224303,7.23244163506134,11.4086277927216,11.2532565797812,11.0831388627651,12.5137803961612,10.9456802701292,12.6400189324558,10.7810260704678,11.5833100487172,13.1693175600794,12.7947644997378,12.9411576907121,12.1431986386042,12.4604558963096,8.21921689671894,13.4388942722882,13.5840790483956,12.9684771756497,13.2282699687316,13.5039888389062,12.9533624018441,11.3690520070014,13.3730699656336,13.5885529611806,12.6289011520282,12.4539408310178,10.223271462673,12.8639175645426,13.8302332600052,13.9952876208126,10.2206713909489,12.0523873877089,12.2486176791598,10.4519606264905,10.5614711604601,8.73722078717669,12.8200464245933,12.1695726775518,14.3047961229798,13.136962795112,14.9945943231387,12.4775053173697,15.1189410727235,12.3135897773161,13.8256876971186,14.31646687117,10.4794426218193,11.8594272174919,14.4820295863301,11.7357122696409,14.8165337105586,13.5033660480307,12.939992344032,13.4692513202162,13.6764194531087,14.6584151815652,11.7314480699517,13.1725837713091,13.3455160099919,14.2403316421969,11.8307280598438,14.7068101552692,14.3447412944733,14.1432574190845,12.1011327863557,13.3278332967503,11.8114786652343,12.6061333678285,15.0514574319576,12.73228572605,11.9991804357546,12.4064830116375,14.3733087244259,10.3953840707372,14.3511462917333,13.4763262664171,14.3261061044144,13.7605943920555,14.4453382258355,13.2534199732886,14.2989015463311,13.9189122386672,10.4695172120981,10.3411432007378,13.8893249356263,12.4827253809949,14.0184853724563,12.5820732220276,12.88653061196,12.9745629006386,9.91686563741509,12.1560830762887,13.3946576736832,14.2207642733494,13.7348174747577,10.7263039039599,13.309075773084,13.3845702735275,13.1435426542332,10.0264411108354,12.7118089106829,13.0433911030078,11.5438790380628,8.91563555580943,7.82461723560841,6.24617647095091,10.1559372755446
"O75223",12.272921326867,10.7303907818665,13.0198721648294,12.0636790200638,11.0954459676066,11.8326872800769,11.9933106157153,13.8870741774029,12.1286044315365,11.9665391871564,10.988761859741,14.3881296463192,12.1481990297411,11.9333218207329,9.23195028525047,10.5273630477768,9.35902036638955,10.1432709067547,7.89277166189347,11.2439548238336,8.64099814892649,14.0556729090827,12.7242133779352,12.026892733519,8.88706683734249,7.99796344709613,8.81783327769295,12.026892733519,8.19658714251524,8.2700348985793,9.52635006457749,12.026892733519,6.83712728188799,8.31354449035274,13.1178908161904,12.4965491616547,10.2850677277701,12.026892733519,14.4498181422281,8.08639423594413,12.490710498828,12.198394609375,13.0740920614142,12.8806926529877,13.522464754051,14.9764549698799,8.18729658232543,12.4511947277565,13.3363721367639,12.9083002984896,14.0572027406505,8.9684292808499,13.4669693934724,13.5540915657505,8.99969360279783,10.9560978049363,11.0980771833687,12.4883422775325,9.75388783098837,10.7171631931776,12.5568897104799,7.42368940293685,10.1162443376492,14.8646782438928,7.62615769753754,14.0362728627231,8.51609841814705,14.1785891292565,10.9357647678245,12.5423374831833,12.6121016154461,13.2047131922408,12.1404216791494,9.12548637873449,9.08528164310875,13.5843463848962,12.7191748823281,11.6756823098795,6.48710983939828,8.15137814003453,14.2410059682185,12.0636790200638,13.9099868109126,12.7819753299557,15.1865322753559,12.1481990297411,14.9851656079093,13.4351060903493,12.6090402186331,11.9669176476375,12.9213813721738,11.0184311547708,12.1111356702347,12.81475568693,12.3147686791224,12.0606507816227,8.3213898278349,13.2581243249389,6.99179621055046,14.3622997961319,14.1807928621366,9.28455716107402,13.7039035734447,14.7727682185013,9.99561525505059,12.9760270401898,14.7043010363028,14.6725910832596,7.96373858000743,13.1294819441286,14.5103621459591,13.4292191810483,12.1134331365079,13.7466320548431,13.0115767031762,12.5081896338617,6.89193322085456,13.3383014001728,13.4687417603105,12.612177385881,8.44033115173597,13.134058638677,12.1481990297411,8.50806022105345,12.0180150848618,8.34207518013712,8.62401863830549,9.42612612791624,8.13328751499007,10.6860193551509,8.99181422432264,7.81023394330474
"O75936",12.2639036042577,10.1078716278615,12.0268330343033,11.5468575881805,10.9708554674714,11.6085978220836,12.3243321652382,13.7771060157506,13.2589710888144,11.3093188365434,7.62501963966812,13.4690491686647,11.329363881318,12.5374476112408,8.87027839012375,9.97116607484757,9.34412746644798,8.84406220272862,9.81674045384738,12.1562860950254,13.0721240443366,12.2756694337457,11.4064468427421,12.1078303177143,7.99959021271182,4.84750287249337,11.4739474068522,11.3277971956518,11.3310743184734,10.8165848540869,9.88322642034607,11.4071003957524,10.6998050084744,11.6127817286029,13.4244885434545,12.8776449451695,13.0824911157244,11.4937878739829,12.2318624992067,8.69075589746226,12.7164947101947,13.1974353922941,13.1658193197025,13.4651910848376,13.4380962265976,13.4691462584531,12.8649317735654,13.0175960514941,11.9748403461327,12.4256497209252,13.0143654009951,12.1386889363109,13.6192273323828,13.3067853810827,12.9647899990878,8.80718566381154,11.0154156417621,13.1846918319405,9.91215348676465,8.92134644276058,8.50921824985724,11.0399383331522,12.1655501025988,14.1418245967515,12.0248196939794,13.2049466664807,11.9543475772168,13.3365736591265,12.2225791473441,12.9536011670162,13.4753636946544,12.8514117597527,11.443595949093,12.4723111236616,11.665484981973,13.2704099349098,12.5724999606171,12.7117388639489,12.138937526685,12.2973555676562,13.5589539686027,12.029948520892,13.0406619558925,12.6759462216837,13.3777090490085,13.2395855115773,13.5750265749776,13.2575425882735,13.7198246901784,11.1149091277981,12.3542189840067,11.6727144493255,11.2564738378304,13.1166539914368,13.0761902361138,11.7083508951362,13.1377313322553,12.5842371747853,12.1071827305078,13.2321942340399,12.8785055021674,12.2308163572083,13.3172855050976,14.0705641695279,13.2804680146213,13.7120154589949,13.0580946618516,13.6748124774416,10.4158111171274,13.3906400136735,12.8075890893946,13.3471803835396,12.4802839427772,12.9554004463252,12.7050529815052,7.63532804793635,10.8379592964996,13.0487409248285,12.9206715840776,13.2785013505075,10.763395501463,12.565638639791,11.8528458007978,11.7618528781295,12.3166231516244,12.396759074937,12.7349481613268,10.6733944605759,8.87998462741568,8.79871576052153,4.70962705344099,8.10140801515051
"O95229",14.4169953964944,12.6515002206527,13.5136042412398,11.4967989938637,13.8475563371291,14.8210763778893,11.350496034064,16.1181122654016,15.4262319896352,14.3138041938908,12.5696183034466,16.2152582307922,14.5708394472391,14.3067025549342,9.8833410231307,12.4451958860421,12.3466128008658,12.0282106437916,13.3306539691063,11.7365667145504,11.5216682830742,11.4003488221912,10.8895714363154,14.0294328717883,13.2926245486118,12.0461008450288,13.5878360510971,14.031304809189,12.8746924560729,14.7790524264282,13.2444084310218,14.8868463595663,14.8777483712603,15.0883764264495,11.3729375789615,16.0189981307717,14.9775968499293,13.9815963227832,15.3107388680868,11.9332190992224,16.2621294081178,18.8867915448836,14.6918188374011,11.0579547702537,16.7134337651814,12.1733757224683,15.2647621243525,16.6601464732149,15.4754801265955,16.1129400708862,15.997846819012,15.8255552609189,16.7103720024637,15.5740612875592,16.114189683655,12.7208163826805,10.4772361522008,16.8195304816708,12.4434616122274,12.4757507838979,10.983701145159,14.1158564819151,14.9842417368279,14.5917897118483,13.8534070315053,15.6185050146268,14.3682336113809,16.6501401861582,13.1978935796588,10.2170630010239,13.8139992882511,11.9553439318741,13.1941557134486,15.2858653785011,12.0298778328335,15.3204480099553,15.4119403772503,15.5539729087571,14.2064702376196,15.9849023330969,12.7710762256842,14.7261649302274,15.5594427264058,14.1438614818679,11.5429462740522,12.7727061749587,11.5510192075477,10.0375183423447,11.2978725911744,10.8021836175368,14.7551483826258,11.3178942303217,12.3893624556439,16.6470929843764,14.974386503872,14.3921832373124,10.5128185038463,15.4041450185515,11.5107731666141,15.9060920082285,15.6227240410022,10.7119556448111,15.1201973698371,14.0268837645494,11.8637796898328,16.5344214219165,16.3112794985044,16.1071812401517,10.8231277192573,16.4980912475182,15.7323028699332,16.4647627897002,13.6632255898876,15.3269560758207,15.6002497286789,9.42188916099388,14.5282799460334,15.8698198285635,15.8560885203036,17.0372987725485,12.8546736218639,14.4081148253518,13.837784319576,14.3550057617511,12.5119996694415,15.2754488031497,15.1771469824176,13.495230456532,11.8037973546242,12.2732128098543,9.77643303244473,11.5731737846865
"P09543",11.8006649968413,9.87412114222521,12.7640827433001,12.8133036698987,11.2982265615614,11.9026625681059,12.4185405966397,13.9112688422454,13.628811396506,11.5974038114071,8.10558036410043,13.3528869004872,12.2916376357882,12.0581596944201,8.46224442115857,9.86731273431288,8.64357909243051,10.1615097687194,10.8083718299795,11.8943742532458,13.3867929465429,13.1011298260325,12.7847290164936,12.4741336541008,8.00174120451839,8.2724025691544,11.1641224250691,11.2578089337223,11.7555942984832,11.9415547736475,9.66037239865182,11.8905872473848,10.3660927528541,12.0483338485235,13.3756890727402,13.578312767129,13.0666074388639,11.6906959199334,13.0562346417765,7.90958954413344,12.904427742894,13.9244090076292,12.3472978588408,13.3552340122277,13.5286043062605,13.8359803928058,12.8190173806504,13.5948528356099,14.1501246519067,12.7116439050091,12.8117911454155,13.8152527022986,13.3768772880917,14.2519684233593,13.3168281709775,10.388393151003,11.2465810434757,12.7078591979196,9.67359103566387,9.60948736900194,10.4178255848663,12.5016392830009,13.1322672689004,13.9878947803062,11.9188192134765,14.2804182830736,11.7385023809381,13.6961420040595,12.0088778890251,13.5645406570866,13.5554925548653,13.3968732132162,12.5948616003317,13.843251112422,10.8855191368145,13.6755886241099,13.1682308253484,12.9155913109319,13.0187637283977,13.043905454356,14.2691419911648,12.4469497639786,13.5400220105653,13.4855617028853,13.982143563314,12.9676494311024,14.0106906039021,13.3338780729199,14.0170264149171,11.2294791284517,13.2812782208809,10.910574049105,11.6364108613616,14.0748595813503,12.8135210789076,12.160633855082,13.6243394124111,13.3983812558143,12.8375037897548,13.7896664709746,13.4621616162596,13.5909471245284,13.8750845852437,13.9907450230617,13.0801409460363,13.5221363046817,14.0990524787504,14.10747049834,10.8839007357283,14.155389616539,14.167127426568,13.4278846389587,12.6332916269941,12.810509161712,13.6533728125676,9.49085908298775,12.2617848102403,13.9554496206195,13.8752296807319,13.8799433812481,10.6073448998291,13.3659574734948,13.0229332781152,12.8304769860424,13.4256102379238,13.1730748194894,13.49055014334,11.3742739685126,8.28769977813774,9.43862145063529,6.04575340973015,7.37375730327301
"P16083",9.3871546127706,7.76406144661681,12.5988376758616,11.005148480089,10.8690558141833,10.2782384852742,10.7706452497674,11.81111832694,11.2286667044958,7.31707939157182,8.29823670968713,11.9207626259541,7.54756627894497,8.27727676432446,7.80174808485521,8.65074916952822,7.16073036185267,7.96759255490645,9.32611561747252,11.5473146977607,10.4838495706909,10.1092188226169,10.5347949387619,10.5728861467169,5.37479990164698,7.1166945440689,11.6298477908629,10.6906266524181,9.409566829268,9.5511014590444,5.75962381076591,12.9490610164543,10.2755472613436,11.9862848755669,12.4903718961433,10.9554866460936,13.4032059692015,11.6437406490867,11.9629198595469,4.95428222787417,12.1178438480454,14.0433980617519,11.589555976119,12.7412377415745,11.1014747527548,11.5169257391127,10.0576096380625,9.85556351825169,11.6847726360243,11.1260655727957,10.6565211859129,13.88718488873,11.5792422687863,13.2406926893919,12.692364008898,11.4951063792759,10.6423823234312,12.6986887980521,8.84176489683853,10.8839429188032,6.38599224016343,8.90426745598682,13.9420303644093,12.7370867805174,11.0343466568344,12.6943946491043,11.3279847687545,12.6235649925462,9.54043287450109,8.79409355772906,11.6442672037655,11.2544368313554,10.9743948846447,13.1277543468328,11.3087009176904,13.2444279956372,11.7686058431353,9.96807713868863,11.3334716910716,5.54355028781372,12.125292923713,12.8520729752538,12.4759252320801,12.2148702443799,12.735473813088,13.1841742258519,12.6240744614363,10.7277477229255,12.7229329856159,10.3579665193258,13.2411686459992,9.89096866831024,9.12060351347579,14.0582104290705,10.5644560094049,13.0420194877916,10.0216857366509,11.3268520207891,5.60219334612915,12.8161736007224,11.4570639142294,11.1809849282155,11.7930208619888,13.6321910485582,10.0641472516675,11.3184997072918,13.1643189441227,12.6587558781349,9.37999522584802,12.8033376088638,11.8797700393324,9.90659929418681,9.03356994898941,13.3281046607851,10.2576884888026,6.18920533376605,9.48680020502802,13.6020735913697,13.5190942244034,10.5392376706765,8.14059847167711,8.03447573090126,10.8387073346787,9.3287554022646,11.6735498019002,10.5030346395157,9.90038698931667,5.24274923969773,7.31636333729181,6.88300709863172,6.89640161466624,7.24411131294625
"P22234",11.8830852833308,8.86806320724842,12.8385104434447,11.558356620648,11.4077083875432,10.6371268371005,11.7380816642511,13.6166276100682,13.4817916095804,11.0029533429183,6.34448048912995,13.5427081519025,10.7175397932868,11.6668159665944,8.54608811733694,9.43438280498689,7.5389592921529,8.74604378676702,8.77856095426551,12.2264207344879,12.5631985434398,12.3172911211744,12.3530116331979,10.8610517670865,9.64304996123472,7.18428466920733,8.71899737082106,11.1766578745172,10.1109701946741,10.6190346904284,10.2120615591478,11.2783939340934,10.5038651787841,11.2899022282605,13.0699169355296,13.4749029463755,13.0695446165569,11.5762178894244,12.9089079871017,6.85278382773592,12.6398218997021,13.2629518395206,11.923291632486,12.6858998082122,13.2209668405493,13.7255452475236,12.676144764091,13.2817203801144,13.3335328383358,11.9109393497618,12.9932810835082,13.8953367551458,12.7978112510596,13.6611892289761,13.3455987117634,9.88618622732708,11.3825843917491,12.4168033836974,8.97313382334081,9.45758336063015,11.0588166148982,11.3977074056204,12.6622976320151,13.4841279509782,11.9568747222678,14.0912743856894,11.173502195129,13.8747048902445,11.8664367717819,13.5172852337992,13.2261183088448,13.7489902123107,12.5475065444732,13.456703965775,11.3196291114981,13.9744339001578,13.3313799013992,12.5674968610564,11.9771290501257,12.690607436532,13.7432988600041,11.6690881056601,13.3838350710778,12.639888071828,14.209828123871,12.6866992127702,14.1096876595478,13.0383560246152,14.2786054036196,10.6326183401583,12.6184897439129,10.9416859260379,11.5193971487942,13.7688364991938,12.7498789082228,11.8836231145823,12.7305762375074,13.3327998202145,12.3039218038329,13.7753348917942,13.5721208852462,13.3676785170529,14.0447380557568,14.3533449243814,13.5691187420385,13.6402470071463,13.726705625312,13.6934436365253,10.4263555774859,13.8923000842495,14.1398648753947,13.9069293140435,12.0581846650235,13.0483419866326,12.8013224866153,8.27509677932977,12.0200691721104,13.6077344081588,13.3022108972074,13.2296874984779,10.5248325915135,13.0366490470516,12.790668470163,12.8619914505863,12.5463338634946,12.9728278105882,13.303350697808,10.7017989011539,8.42064430361475,7.91307885109428,5.55020417064335,7.40234027927031
