"","HB1","HB2","HB4","HB5","HB8","HB10","HB11","HB13","HB15","HB17","HB18","HB20","HB21","HB23","HB24","HB26","HB27","HB29","HB30","HB32","HB34","HB38","HB40","HB45","HB46","HB49","HB50","HB52","HB54","HB56","HB58","HB60","HB62","HB66","HB68","HB70","HB72","HB74","HB76","HB78","HB80"
"hsa_let_7a_5p",16.9727063353202,17.3696440269968,17.3560768672268,17.144599591783,17.031483706451,17.1934781502526,16.9660259547107,17.5416171628591,16.9726926526913,17.2618674112135,16.7789244458976,16.9883284278033,16.7042041849622,17.043329340783,17.1901955440924,16.7189943106019,16.9332383345289,16.6924888630318,16.8830546230114,17.329197999153,16.8287859760387,16.6168452388881,16.8044421569175,16.8932497333959,16.9320579316945,16.9421199101102,16.7133692353079,16.9890122042625,17.1122104544135,16.9728901175456,16.675304693465,17.0639065520765,16.9367865710476,16.645872547353,16.2972447633525,16.8873765741281,16.7591134549864,16.1572428444585,16.6306447536619,16.3340370079767,16.8339827805112
"hsa_let_7b_5p",16.2354308957407,16.6197996195747,17.0276509506327,17.2727037896907,16.4343564478587,16.9020860696902,16.7618919013681,16.9699683360123,16.4947990046733,16.6105711540036,16.3393240313381,16.2116880876965,16.1413524692378,16.6744219053524,16.7905713785895,16.4157369212816,16.4906292640297,16.4942551029567,16.5851732730114,16.8348891184932,16.4777031491744,16.0373943455327,16.3743125448954,16.3525821589378,16.6532408152537,16.7232818868887,16.5431388402128,16.4111966638459,16.3987360245438,16.458393312226,16.2514794459875,16.5578833362575,16.3472069719169,15.9300233799997,16.6425003228048,16.5593988973359,16.0521644871951,16.2056529874783,16.520798616001,16.3037850668074,16.2004949320928
"hsa_let_7c_5p",12.2979670470979,11.6828166272124,12.0704479224046,12.1644054132278,11.6504185390423,12.207979576413,12.6189355768131,12.053172976175,11.3940926657385,11.7681324892854,11.0949523563706,10.8441204200238,10.7779834343274,11.9123353151519,11.8460151973912,11.4656925848157,11.3101272060647,11.2959673897164,12.1127346459141,12.2041958106455,10.7420995219097,11.8141088584838,11.3191617658142,12.0163017378363,11.5138847434232,11.5456795039485,10.8929350441068,12.239516499006,11.5294483567986,11.3456131367324,11.853862854841,10.8158605013521,11.6010088966865,11.1394747279725,11.769338522995,11.5848684017174,10.1069732187932,11.2017160957205,11.9344572604762,11.2848492528232,11.1714511394053
"hsa_let_7d_5p",12.7764013792994,12.7681898489937,13.1084949799857,13.2470779340892,12.7067276682625,12.7310516768695,12.7896289651113,13.0672461464524,12.4675515483412,12.550099386157,12.2132244831038,12.7021469752468,12.2366793928131,12.7451243244549,12.9541214288622,12.6607442838181,12.6969676832343,12.875811840406,13.187294617961,13.1044308819343,12.5151058218137,12.6016214308836,12.5344781039259,12.4952593552893,12.179904543287,12.7482418180685,12.4184331815085,12.8887224482085,12.8553845974898,12.5798461998874,12.2328820094484,12.6430258322742,12.7162821515828,12.4165341989675,13.8659289738844,13.0708074292533,12.4540482354486,12.5358638709219,12.5911494621542,12.0627321230804,12.5217291814229
"hsa_let_7e_5p",10.3691496734506,11.2181263614946,11.9081185632873,11.9337494980395,11.6380299114216,11.7585991651607,11.8091814388204,10.3139897107741,10.8939247829241,11.1075082549311,10.9545396685564,9.89142511922801,10.679174582676,11.4589665088125,10.5709870037281,11.3257299100359,10.5047746232107,11.1730350195125,11.1107624962812,11.5571471753293,10.860537454505,11.5972686372032,11.7337517798744,11.2936885574516,11.895762078526,10.4099664406134,6.35031925669144,11.6208197245344,10.1335032969459,10.2760791133913,11.033795010982,11.4948960187395,11.1777564296597,9.92638807706475,10.1599178010804,10.9259317559829,9.6363470352317,11.3482547738464,12.3813912346356,11.2774999680723,10.8023775432219
"hsa_let_7f_5p",16.478713355589,16.8698026471431,16.8542537497446,16.3862474595091,16.8355637505966,16.6926037079191,16.4703937112269,17.3387657820462,16.5852282790387,16.7041950494319,16.40583735926,16.646851359154,16.338406611144,16.576469638701,16.6347929774424,16.7174048947564,16.7677702434316,16.5064767886513,16.7416706027839,16.9804183368604,16.6918754742359,16.3221563582246,16.4572936491647,16.6029743372629,16.5515809137653,16.6838836418856,16.4490323956055,16.9297016824425,17.0809379692029,16.7095705981879,16.5483930737185,16.7938622209989,16.8187811988179,16.821183406241,15.8239206399591,16.3850163718308,16.2906300683609,15.8353522379721,16.2539310479655,15.8832034569726,16.6301958419112
"hsa_let_7g_5p",13.3847300371682,13.5810343752928,13.5134458926481,13.1041882012914,13.6337285364502,13.7118069726462,12.9872688593536,13.7853112169641,13.6642179002744,13.7345483004218,13.8474040713471,13.9939374507823,13.4495204256999,13.6206769468065,13.7327077516722,13.4153139066113,13.6743657844724,13.4087564765005,13.9676195666907,13.6308996014672,13.3878868033682,13.3031879003194,13.5644697756832,13.3091836844064,13.6769498069939,13.7132865754974,13.9309866778761,13.250601475883,13.5906344409416,13.5072445759012,13.1952141956092,13.5756981393613,13.3364497193128,13.6452680678812,14.5737042977635,13.5582193898629,13.9315116042526,12.9280336180334,13.485791620412,12.9125936771764,13.1626868772584
"hsa_let_7i_5p",15.1826133334756,15.6564898141476,15.5908102215583,15.6896212784375,15.791823659019,15.4146996064409,15.1340444365081,15.5955397529216,15.892897804957,15.5432496055595,15.6980551284475,15.8170358160338,15.8015683663621,15.476975688234,15.3980650260655,15.773143262585,15.6370466786824,15.9684414670156,16.2332902781748,15.7209523824623,15.7740996053815,15.9402475629373,15.9703832663548,15.7006099306323,16.0028495892203,15.8535293854259,16.5344827312466,15.4802764378418,15.8359770550637,15.4405943879073,15.3824718746188,15.7391859722731,15.6456195455915,15.8978310026313,17.2193098160061,15.9463183500291,15.5192721322946,15.4916273094848,15.8682744775914,15.7036737226927,15.3018452479859
"hsa_miR_1_3p",5.24011045996391,5.2401104599639,5.24011045996391,12.8961909265353,14.1977249291356,5.2401104599639,5.24011045996391,6.47126295632896,10.336678750126,5.24011045996391,9.0999864996909,7.88422271001827,10.0959556877496,8.94914502895895,8.21655796134276,8.84980289865611,7.53454316217211,10.552686055439,8.64685023745719,9.20719115510345,10.1946594631124,10.0403460882875,10.4982397547743,8.76337460628801,9.90583954435321,9.93914828050666,5.2401104599639,5.2401104599639,7.11834519490736,8.79685120265676,5.2401104599639,10.434368595591,8.71618460912741,8.2606534000101,6.52343170899541,10.6561130265526,5.24011045996391,5.2401104599639,5.24011045996391,5.2401104599639,5.2401104599639
"hsa_miR_103a_3p",11.7478310697499,11.7995965384887,11.7594239085493,11.99568101576,12.1571650762546,11.9478566372903,11.3792688102599,11.8625194463655,12.2910998588757,11.9916996621534,12.4175746856384,12.3054732730659,12.2543317032078,11.9742171418076,11.9836155676037,12.1485377614739,12.4597891952761,12.5288455151401,12.3334887880893,11.6712715255965,12.341236946458,11.6972965596334,12.4040784933876,11.997670602526,12.3198404191019,12.3705851116749,12.8314412801626,11.9132017396198,12.0286518466803,12.2290480724045,11.7430834432991,12.0364211155924,11.5942134404737,12.4132051388383,13.2652035673289,11.980291514019,12.5415394827929,11.410652633498,12.1701157296788,11.4863989026405,12.3650852433169
"hsa_miR_103b",7.81142500194871,7.51421520805707,4.5420299779263,7.3617768551019,4.5420299779263,4.5420299779263,4.5420299779263,7.6776243462414,4.5420299779263,7.23491591362948,4.5420299779263,7.59161410168691,4.5420299779263,7.27654270647283,7.76732365162154,7.50276828716181,8.08086260960974,7.8089839378458,8.20510857306827,4.5420299779263,7.46581867317489,4.5420299779263,4.5420299779263,4.5420299779263,4.5420299779263,8.04940893478723,4.5420299779263,8.14916974334626,7.58745194320866,7.90063825975528,4.5420299779263,4.5420299779263,4.5420299779263,8.20595299202036,9.33328340364838,4.5420299779263,6.7632218449366,7.50923657489129,7.95133684350496,4.5420299779263,7.98292226846368
"hsa_miR_106b_3p",7.65377949930379,8.14308562754175,7.45861531497765,7.70804553508228,7.80881917110035,7.64058553496419,4.05205182080674,7.14795472936749,8.10898704512125,7.88406190673295,8.18482516102821,8.29380064707494,7.36177314083132,7.80777831989492,8.17740815039378,7.72282019338083,8.16138966235154,8.43282776293179,8.10480096593425,8.0479669259973,8.17757381352233,4.05205182080674,7.92612475274244,8.12015024352874,4.05205182080674,8.25399250212036,4.05205182080674,7.71197519149995,8.11618137441765,8.11957595591381,7.38074023434442,8.16451511556777,7.86844994773526,8.43904906820187,8.76380605040235,7.57317312888634,8.31991099607978,7.97637730211384,7.93459580607398,8.29526535359236,8.14452569438689
"hsa_miR_107",9.67286060324702,10.0608794012032,9.98629552043834,10.4102864707328,10.5265661886504,10.422091351036,10.2131521061444,9.81066789124417,11.0426850190791,10.1845359425475,11.2901457330965,10.4468502117527,10.3574333463649,10.0622466275081,10.140297199721,10.6054862160568,10.4424725013697,10.5579939005462,10.6585484277362,10.0170733382545,10.7536926754975,10.0857173435416,10.6541367939904,10.5421128403563,11.1471925202282,10.1340086837483,5.59977133151535,10.3184916265223,10.0956335515828,9.8493741969162,10.2187424652702,10.055275545984,9.87625864557746,10.5000634009973,10.9762539098788,10.6818156161311,10.6933930952148,10.0140647002511,10.1989877757008,9.98584624534302,10.4380863890352
"hsa_miR_10a_5p",10.1956099220255,10.4359926688423,10.6541288241192,10.8034664701373,11.0548826153735,10.2562116744056,10.8382461216225,8.4883656546481,11.156898443389,10.4147750980922,10.7296579601407,9.18145308788298,9.83269394748695,11.458443921424,10.0247270867179,11.1778166973111,10.0828310685659,10.5494014708857,9.30529582839632,10.7454749415916,9.89618354246667,6.16678121293936,10.7309588318799,11.8277256591084,11.4031797326347,10.7025182271572,6.16678121293936,10.5393507956459,9.39101183646621,9.77849717027402,11.1062642449959,11.451530956102,11.0470114097807,9.64483171377252,6.16678121293937,11.6174528017297,9.77292199861814,11.4398348272059,11.4889302521042,10.9171742066262,10.2557127644496
"hsa_miR_10b_5p",8.50055860244253,8.950944846729,10.2007199179754,9.99743265992677,10.0079570681083,9.18267580951856,8.97076849516285,5.93177009306243,9.98188782238443,8.56954506836857,9.62724297104987,8.27240084533879,8.82245381278366,10.4059664855779,8.14140654768005,10.1817256789778,9.2795855639887,9.66959720528997,7.78749425029618,7.95393666699848,10.1106463738892,9.93921816413768,9.4288164265373,11.1916182905581,10.6932064856426,9.66606618982897,3.82647132131571,9.37323343689819,8.32849586825117,7.39788248174281,10.2397833813462,10.3370260236419,10.03093606952,9.05348678955261,5.52422146856176,10.5649352649542,8.58790019951139,9.59464707607203,10.7870019321971,9.51298812833297,9.26535162010297
"hsa_miR_122_5p",17.4863039963124,13.4711941666791,14.2293426616575,16.2038593348762,13.8010786795044,16.2899290978866,17.2429071988767,11.4551382501778,15.4891707095542,14.7632593005797,15.7523759431176,15.2748549278857,15.5799451097501,14.9730548803602,12.895431959836,14.6793598926111,13.0306833244171,15.5777917850521,14.6999786447513,14.2976046743704,13.8487845270836,17.7773139599057,16.2870058081358,14.7982708446877,14.7954627679225,15.0381669327643,15.3495896996252,16.0671996827708,12.6217858708441,13.0516168033538,16.9428188619639,14.7679021836379,14.8294354200891,12.9882269959364,10.4876286923985,15.2120603867691,12.3383390253888,17.8673594434447,14.9791860470218,15.6801627913609,13.5882392131613
"hsa_miR_1246",8.11114597790522,5.32125994024211,9.61329224348807,5.32125994024211,9.6215976517672,9.48997016290616,10.6778450390585,6.38286595784543,9.53138636711168,5.32125994024211,8.78794245450231,11.2094975607433,9.69200541259867,9.59401060084746,8.17246742167143,9.12417167284394,7.41606898976352,10.1316917712126,9.03345712965149,5.32125994024211,8.96598924460667,5.32125994024211,9.61966819424938,9.42398832781417,9.79066908170033,9.9075053705041,5.32125994024211,8.15381809444365,5.32125994024211,8.47922131348682,11.0734837136526,9.06278638461614,5.32125994024211,5.32125994024211,6.55058286450696,10.1075270619638,7.09482246825831,8.18136640456853,9.64389139681965,5.32125994024211,5.32125994024211
"hsa_miR_125a_5p",9.67975578822079,9.48380802062727,10.7786199761619,10.3484851874499,10.1308467566839,10.2058794884804,10.1830993493501,6.2761050096151,10.1478392201213,10.0240953809935,10.7535193555885,8.54085795568845,8.98274485368151,11.1900193501743,8.43695674800876,10.822827691923,9.65521069472638,9.96011755824184,8.39288194115015,10.0375485998931,9.83479017704805,9.5882536870599,11.0773256573885,11.3350410526656,11.2091915235142,10.1165508468157,9.05371178098254,9.7277862956942,7.99395461968127,8.93971105103592,10.2703780549391,10.807651722815,10.0638485202552,8.95369025118199,5.8914427603578,11.3748918429473,8.67857267103986,10.1313804537615,11.133602268415,10.4358802955093,9.45355019831897
"hsa_miR_125b_5p",8.05287494183122,7.36368882505594,6.98717521635105,7.11128328112806,7.55674134464573,7.77103440806602,8.03173841566995,4.90166141651969,7.64306171267665,7.64018170519697,8.62778011543713,6.86056981291961,7.48383802453262,8.46854830839594,6.06562376249186,7.96624173757818,7.21343062505441,7.53633759334321,6.70626162737157,7.54329223231994,8.05302725005588,8.62865495823662,8.88143697567464,9.00149267026404,8.61573802261989,4.07459218892081,4.07459218892081,7.49162530968191,6.66830229214237,6.81263681630971,8.36961071583907,7.85665290000732,7.21300314606275,6.97097971603306,5.60206786520314,8.31862905304524,7.29719441101946,7.60579772056114,7.90751809656216,7.55701563592992,6.84425078470434
"hsa_miR_126_3p",14.5275182675233,14.5002736794187,15.2661356814889,14.7675053559776,14.9122933201398,14.8396178918344,14.6931306780476,12.818639324074,14.8189024970565,14.4472788016951,15.3064071635048,14.3366810123751,14.7280536943995,15.3710407764451,13.9272182631805,15.2610896702762,14.3398867386993,14.8837639882949,14.1094842414724,14.5684039324025,14.716272166106,14.6546444792621,15.1514516939824,15.399424793707,15.5501904909916,14.5333543869963,14.6781256833752,14.5150750510318,13.5561785924134,13.8646538119464,14.6134273422049,14.8220982229516,14.8002995586949,13.9339423910689,12.7106592491228,15.4731803505424,14.5537710156418,14.7950708961063,15.760717490375,15.2281382552904,14.4877977759264
"hsa_miR_126_5p",11.3701688386894,11.110106931377,12.2333587162806,12.0883669460427,12.1327140395428,11.7342989873081,11.2635373872912,10.0648494122992,11.8397372171915,11.4069934700561,12.4716697111512,10.8231772941158,11.8792079951374,12.35638237349,11.0445538554591,12.2059129046305,11.4528488068036,11.6415773800892,10.4945072983488,11.1972022044457,12.1794222156794,11.1651887054578,11.74562641759,12.535242521541,12.7051255365719,11.6890422980608,6.31549646737721,11.3956703331675,10.818632215189,11.290605818722,12.2196895370657,12.0638804277944,11.7211936988855,11.35088540347,9.40301909552507,11.9390586381056,11.5628167793164,11.8156762234847,12.8086873249874,12.1790888608719,11.5975736379683
"hsa_miR_128_3p",7.3430844429474,7.26088911957453,8.07888988176757,8.17653274106359,4.4221131883304,8.16348094294659,4.4221131883304,7.26871130223202,8.39077557072284,7.22603421429893,7.80333584699691,7.18380749351084,7.86085175623955,7.61304750077641,8.80965775740999,7.94810362536525,7.98329126842654,4.4221131883304,7.98013328717979,4.4221131883304,4.42211318833039,4.42211318833039,8.66441425279515,7.85019349417909,4.42211318833039,4.42211318833039,4.42211318833039,4.42211318833039,7.21340212205338,8.67784338868396,7.92508118656864,7.66120920655144,7.92971884602709,6.88078406280811,7.31526459177688,8.60055143625499,8.61747073014576,8.52869315846546,8.90036275978375,9.00220606894758,8.02930175930419
"hsa_miR_1307_3p",7.90701947476334,8.9307215617873,5.68134298302848,9.62020574176652,5.68134298302848,9.37507527792762,9.30249828865916,8.44807570377212,9.32821222456274,9.11842209227718,5.68134298302848,5.68134298302848,9.18001816319242,5.68134298302848,8.95355411363427,9.71443528067558,9.25364872508134,5.68134298302848,9.95317480252285,5.68134298302848,9.65056308991283,9.99198464201309,5.68134298302848,9.49487074734745,5.68134298302848,5.68134298302848,11.0813850858955,8.93436315784287,7.28495852663308,9.39656577366397,9.76183824149001,5.68134298302848,5.68134298302848,8.77600374830924,9.1416717650129,9.96137986955256,9.53378635410551,10.897235232205,10.3795953263211,10.1948119443937,9.37198852355621
"hsa_miR_140_3p",7.06485892713647,8.03953541363661,7.21919119856577,7.85640129422553,7.80855987477963,7.93713949002569,6.45903038708076,6.89874833232482,8.27718521804481,7.8890319028076,8.74191389934379,7.52841688719568,7.99578832420537,8.57806741133858,8.65633396956438,7.82683252656856,8.64680486316533,8.06885551526811,8.62847386709075,7.86702108032859,9.09965901608513,8.1682319163205,8.55336768765401,8.05092307730139,8.2535207130528,7.59003814919163,8.70789634883714,7.35281278844128,7.9967726045708,8.89305712638968,8.37790842793266,9.16346494559727,8.45120564527228,8.26138605131896,8.53850322066026,8.13063815118679,8.55301765966885,8.25139717477597,9.05997556411164,8.06793850653774,8.6661672087251
"hsa_miR_142_3p",11.7889787098166,12.3688225587042,12.2521233647798,12.2178373302139,12.5375259596613,12.7997547068155,12.2402020916524,12.0118800524981,12.6523586042508,12.4368441353177,12.8210803155256,12.2164862893057,12.5514409707589,12.9215887211375,12.7061764638913,13.6009438143813,13.3522570525877,13.237395630249,13.8454585414495,13.0885667793536,12.8597474302197,13.0109971257233,12.7712005319961,13.2585598308774,12.9643070876303,12.4539482462345,13.634015355091,13.5164138293348,12.0682902232181,12.8879761042915,13.1938752289572,12.7741767221888,13.0756332323354,12.976687058881,11.7202868557098,12.968200534228,13.285483998513,12.0209270507023,12.7319920257238,12.1313437782526,13.3092011906158
"hsa_miR_142_5p",9.07001009174736,9.82010697410499,10.0759926875986,10.3800160624597,10.0246767768677,10.1893869539355,9.87178520242592,9.15148978051559,9.79015364612811,9.93892243142039,10.2725266348004,10.4558941784878,10.0647303043383,10.2177601847251,10.7002571503711,10.4736770756194,10.6218888985548,9.74226656391116,9.65827934809385,4.76264296311031,9.92314940052787,4.76264296311031,10.0226879956779,10.5332247926872,10.3162899140245,9.81392546229464,10.7423645588167,10.3824325896812,9.61088072038141,10.5679854252869,10.1450970386853,10.2503401557727,10.3550642535704,9.92017929072356,9.40103251033042,9.87339019832743,11.1345271620672,10.1194112078876,9.69531990882175,10.2488939650709,11.0258797383098
"hsa_miR_143_3p",9.28365617479339,10.2387702504599,9.96790331052936,11.5675968709134,10.9851790641734,11.3538599040375,10.6409541477907,9.20517024274908,10.8293769299551,10.9702456048324,10.6585570441391,9.73445780696779,10.9720018312545,10.8042243234667,12.4732685708428,11.5778816836909,11.8681821553324,11.6799381886557,13.4751074433332,10.6446449704883,11.0825702073161,11.7034181749014,11.309863364651,12.2073478471921,11.3401255397059,10.9082211555874,12.3129747909045,12.188678258218,9.24289065407443,11.7924026276255,12.4397297016698,11.2734286314584,11.2613438260648,11.1412685608451,10.677147853304,12.1037234382609,12.3774059126038,11.408842109715,11.204797381654,11.3939570589751,12.6484338131121
"hsa_miR_144_3p",8.39892945856761,8.11913972014417,7.81759750148113,7.40444512298545,8.82503905639221,4.46100845850583,8.15878633803211,8.05432561410511,8.42985807442773,8.39864164751955,8.47207019445282,9.29409055402405,8.99733143373607,8.80609103421563,8.35516638170121,8.27027830621823,8.79513486105331,7.92141907513695,8.18341879796464,4.46100845850583,8.7052209126544,4.46100845850583,4.46100845850583,8.50711796181338,4.46100845850583,8.50070115933222,4.46100845850583,4.46100845850583,8.35933904657584,7.64114042302416,8.40837414765394,8.15090071394152,8.36131635304887,8.74095674641893,9.1813137010117,4.46100845850583,10.1587486853079,4.46100845850583,4.46100845850583,7.23141862688824,7.9037385941782
"hsa_miR_146a_5p",7.7569168576358,8.41459036132814,9.22760668711706,10.8559472725267,9.25639419445077,10.2109733073062,9.83550315543443,8.86853694583467,9.21367476909004,8.7756956528773,9.92471600281825,8.25789428446299,8.94772045003163,8.8054037414938,7.83946298269757,10.9090532448117,9.58343611361469,9.38219699559943,8.80803962024638,8.62526400069146,8.92182754186302,7.6614114934213,9.54379982237924,9.73178727534374,9.23271479636268,8.2844421667259,8.70141573749442,8.44915061606691,6.92303223654494,7.94137449363809,8.56327595129901,8.59213874660243,8.70699989912588,8.65829097734557,8.11477525951217,9.96033551095822,8.97552634358239,11.7078814091859,11.9185116589191,12.2172751988936,8.88241429483274
"hsa_miR_146b_5p",6.85563834969743,6.89507335170614,4.41019623853113,7.55895627681173,7.86516980878798,7.82957943677522,7.95976453653646,6.10766648254368,4.41019623853112,7.79949806380193,7.68372145359547,6.37500508825997,4.41019623853113,7.76999737171143,7.15573024984673,8.19129395497457,7.83942762514137,8.34701650998809,7.1427931876418,4.41019623853113,7.79620040512311,4.41019623853112,4.41019623853113,7.54325371078514,4.41019623853112,4.41019623853112,4.41019623853112,7.48511069996682,4.41019623853112,7.07046000552734,7.5409478376986,4.41019623853112,7.68700186642831,7.38195154553329,6.73711725389472,8.66073684692671,7.29919790089252,8.33769528644816,7.94678033546453,7.51694169517286,7.25566160718486
"hsa_miR_150_5p",9.94448178249676,10.0583799889029,10.6734064342503,10.7025275111114,10.6881092334627,11.706110395937,11.1747148195344,7.55920221305508,10.9444651086712,10.5715188848806,12.2076269868616,10.1169845191769,10.8787729616175,11.9213523435095,10.2837188787643,11.1716700251487,10.2928999822677,10.0071239083551,8.71187335864088,10.4854614399853,10.6472075741439,4.73718700425161,11.390399192005,10.9899739954151,10.4709985358392,10.6351585701775,10.525983421021,10.3198966358908,9.08816128381591,9.93134324577746,10.7686558730886,10.3727685914294,11.0467979527726,9.8150236815975,8.13293950363899,11.6062425147922,9.92078662484746,11.168808008449,11.6357798204704,10.7776496270832,10.2369419368636
"hsa_miR_151a_3p",9.05443146886508,9.32343525560964,9.89955083365973,11.1561956172599,10.278624642915,10.7072671856798,10.5532391970412,9.92957065440817,10.3194195184796,9.59881806901786,10.1146674315853,8.74767485106345,10.2115598167945,9.47354542704714,8.29021366362381,10.6896832591225,9.63532880359297,10.6808470409202,9.63709691814309,10.6328646614445,10.1282822803521,9.83957490514806,10.6169247912114,10.2783087105412,10.5215301446618,10.5355661535334,9.69666668890205,10.0232782397234,9.00564688641449,9.8040197614272,9.41706028383291,9.91491858305317,9.93458688758574,9.81544383649783,9.9080350519666,11.871199766945,9.05629926928322,13.1438007612508,13.5475084777178,13.7365940700874,9.30483387964881
"hsa_miR_155_5p",9.48332196824299,10.0768164535695,10.3581943739594,10.738973234035,10.1703725740363,10.4750498648721,10.5033472623127,9.04679551014414,10.6340096953989,10.4821767577303,10.6922992804282,9.24589509432561,10.3016534124456,10.7931929386718,10.1727320215756,11.1077836667125,10.5608076260866,10.7595253020315,10.4756347904177,9.80218928630755,10.9581212270314,10.266718252755,10.7792390484888,11.1381871128479,10.848081546504,10.6971592760894,5.95187924104257,10.9450802524495,9.68979309496785,9.93846428918753,10.8106883524658,10.607339015879,10.8070037142371,9.9038044018032,8.60447439873264,11.0842006666414,9.69115605094138,11.2344337799442,11.2089222541497,10.5888089457481,10.0917863156639
"hsa_miR_15a_5p",8.0953919128593,8.20528745462307,9.08489997151186,9.23070609156557,8.75638259752032,4.92907725807402,4.92907725807403,8.39517741590043,4.92907725807402,8.3520731033321,9.85080685822304,9.40960254774143,8.56654080878976,9.04241870197157,8.93725202242594,8.21055578848755,8.75689371362597,9.05694940742723,4.92907725807403,4.92907725807403,8.33390591800059,4.92907725807402,4.92907725807403,9.40873185806108,4.92907725807402,4.92907725807402,4.92907725807402,8.35560345942756,8.33059598664045,9.45572947265456,9.35720685996436,8.65983738692903,4.92907725807402,8.36857606428464,8.72723527340815,4.92907725807403,10.5377792368375,7.98230070029213,4.92907725807403,8.46325059258663,8.95577861122208
"hsa_miR_15b_5p",10.386025292705,10.5353394734228,10.5344504174323,10.9517106237281,10.0037844235702,10.2245497303229,9.91247276958617,10.4581204227842,10.0312530519603,10.3712422413227,10.7019848220037,10.7325087500957,10.3017210842401,10.7566681060088,10.8793956553989,10.4552407533933,10.2867535149944,10.4664364337937,9.96953049703734,6.45128441928857,10.5330817160849,10.5381928153417,6.45128441928857,10.0639077330839,6.45128441928856,10.4359846236859,6.45128441928856,10.1781384667923,10.5360980140346,10.897920730106,10.3097104213241,10.355495489232,9.94810395039319,10.4341773726034,10.2195019367324,6.45128441928857,11.5536716120392,9.73226482932332,10.578884725175,10.3633720930468,10.5512043340916
"hsa_miR_16_5p",16.6684718744514,16.9749211344552,16.5027443645894,15.9004018890224,16.691688201611,16.214303100395,15.8781596162508,16.5075799210162,16.7886620206732,17.0945357892371,16.7794471539656,17.280444557435,16.7190108975977,16.6267158249565,16.7913819537346,16.4729896756074,16.7721545621487,16.42374905579,16.3970967095337,16.5572328508882,16.8325093125521,16.2893705615456,16.4478730850841,16.6617082442326,16.6684618222897,16.8688097913092,16.5235094637016,16.3693338606348,17.1821418629086,17.0882035747709,16.352332677225,16.8147100419674,17.0474238239106,17.1715191230649,15.8950392385971,16.5293170287713,17.0978347694944,15.489720104245,16.1525566040432,16.3884276950332,16.8240874910112
"hsa_miR_17_5p",7.78116309587105,7.56923255310351,4.96864943523059,4.96864943523058,4.96864943523059,4.96864943523058,4.96864943523059,7.77698850066721,4.96864943523058,8.13437779680968,4.96864943523058,8.69568772334521,8.52437701667229,8.43178756601433,8.49733953533604,7.88771928737086,7.65851608898657,4.96864943523059,8.14953389603284,4.96864943523059,4.96864943523058,4.96864943523058,4.96864943523059,7.94254402817575,4.96864943523058,4.96864943523058,4.96864943523058,8.17483040208651,7.62877842903257,8.34395222369282,4.96864943523058,4.96864943523058,4.96864943523058,4.96864943523058,8.31786769366113,4.96864943523059,8.17498337654005,4.96864943523058,4.96864943523059,4.96864943523058,4.96864943523058
"hsa_miR_181a_5p",9.37271859733122,10.2055423824525,9.03144572642313,10.4131361334475,10.2244439490558,9.8918664693594,8.58174936848276,9.21846303917938,10.0885479425475,9.61606901481386,10.646305079841,9.85366379781352,10.1016711036252,10.458141507155,10.6005940953641,10.4028902789104,10.3115066535183,10.4279753389104,10.1702776632127,9.14970530865326,10.3464779177476,5.14081700446363,9.93313382926966,10.9679465687118,10.6000790879198,9.92273997814494,10.9485304132345,9.81332051218615,9.52001290237028,9.98314541207425,9.87186294081425,9.99218865367916,10.1977121560588,9.39239048561375,9.6246644405661,10.7271453990209,11.169185546118,11.4516155593704,11.8363893264645,11.5253724980687,11.3666889530953
"hsa_miR_181b_5p",5.47332309470115,8.40785140494871,5.47332309470115,8.25877062860142,5.47332309470115,5.47332309470115,5.47332309470115,7.40191621011207,9.26347993164337,7.6371135218705,5.47332309470115,7.83137750516898,5.47332309470115,5.47332309470115,9.72383071472203,8.55852775874412,8.08141735189983,5.47332309470115,8.62918410943886,5.47332309470115,9.09970851117057,5.47332309470115,5.47332309470115,8.83135238807651,5.47332309470115,5.47332309470115,5.47332309470115,8.58209451230727,7.17795343195689,8.80540314279588,5.47332309470115,5.47332309470115,5.47332309470115,5.47332309470115,7.14931108242397,5.47332309470115,9.70239047473425,10.0091698959554,9.67026133624526,10.15548418555,9.54861780826219
"hsa_miR_182_5p",9.17133056820403,10.5851014617785,9.50082721916631,8.12076933350302,9.94629543242801,8.73646461081892,8.5319827185129,10.1330064603544,10.0820712033384,9.57521673107988,9.08259285561025,7.86187686033545,8.80770930404575,9.08106663627106,9.33626366975956,10.0219051809334,10.8685286100088,10.6180621270536,10.0403999141142,10.4852057867575,9.56474697570372,9.74553446555949,10.0358007592879,9.47991207030188,9.38738114000796,10.1286990559858,10.6638312744886,10.2626224667834,10.1999031757753,9.65223451786251,9.58466585890401,9.49341658026192,9.70087858536374,10.4614764022751,10.8326282729502,9.18648701488586,9.02241527352864,7.81286912275932,8.70667015811767,8.0747197454187,9.28146823494158
"hsa_miR_183_5p",8.14449579934586,9.15994041435515,8.02313029393382,7.6750259069108,8.74779099585336,7.83422111873183,7.65732181281814,8.95460833357211,8.65354741456687,8.35894060493078,8.47348929906794,7.3310517849884,7.90328858254235,8.26922041673546,8.19885931625622,8.85836869171452,9.34356489031039,8.54203696183595,9.18911868723304,9.15776997094903,8.69227295977853,8.09518981767823,8.6400549490467,8.54737255298018,7.93666863757026,8.80863296006349,8.98789161087488,8.92381008063135,8.61300420388821,8.52201122098004,8.22588687798806,8.02152145667782,8.53938187406127,8.97188637858336,8.47878081739104,8.70072637306667,7.58554150495004,7.06401599662728,7.75812850481252,7.49185683307723,8.07453786782426
"hsa_miR_185_5p",11.5440334261087,11.765475595217,12.0530299020125,11.7008840584973,11.3906020974537,11.6476743198136,11.1238822820566,11.3407167562915,11.808020524318,11.5423984621292,12.0612192099546,12.2812019467076,12.4255015291901,11.8104735942746,11.5816636788027,12.183818237373,12.6907413733838,13.4397801858975,13.5281259698434,11.6547874348501,11.870384177835,12.1172876733793,12.0887870854761,11.0282158888789,11.823017578084,12.3355878880483,12.8615418880063,11.7045615281365,11.9417107028829,11.9633625460661,11.6210921612332,11.4666407847755,11.3605028690058,11.8763222977659,13.7802735795426,11.8936664137697,12.2295742398924,12.1050008784354,11.7881893681789,12.3465062994509,11.5296753486841
"hsa_miR_186_5p",7.31362854269232,7.32417283117063,4.68809973297103,7.32213291362899,4.68809973297103,4.68809973297103,4.68809973297103,6.60114336883495,4.68809973297103,4.68809973297103,7.9497649431567,7.71392442642126,4.68809973297103,7.42948960109858,7.42368665525279,7.34983819815461,7.30994283278278,7.8819382345253,4.68809973297103,4.68809973297103,4.68809973297103,4.68809973297103,4.68809973297103,4.68809973297103,4.68809973297103,4.68809973297103,4.68809973297103,7.75187375768538,6.69837222294531,7.27529620865543,7.47348904332389,4.68809973297103,4.68809973297103,4.68809973297103,7.89305133401051,4.68809973297103,8.39973825732111,4.68809973297103,4.68809973297103,7.09949991327508,7.36932995795142
"hsa_miR_191_5p",12.8522704634866,12.9972337093778,12.8251864989119,13.5479833746078,12.7443658004822,13.336833616001,13.0913007623899,12.5057626970978,13.3314164108987,13.4257447004971,13.1949660524758,13.1679508083352,13.2089263212357,13.5950575413757,13.612919649941,13.9592676392597,14.398495606513,13.7337188498225,13.3936137389725,13.1501655029689,13.3984117953956,12.5669648029337,13.5685438775286,13.711149326985,13.6095222274401,12.9625142551084,11.9217935995419,13.7913733715832,12.7964652346291,14.0986834828742,13.7618020648538,13.2817512479547,13.1327431006772,13.2615665569204,12.5798180123297,12.9050785557853,14.3447966064888,13.2585016369209,13.4180506112484,13.2505342206627,14.5246643920553
"hsa_miR_192_5p",9.56844384179901,7.99200848540487,7.43178205512121,7.57611695626969,7.62556919156859,8.13206181334976,8.88476596029321,6.40955781745832,8.23773211596031,7.79047777010497,9.01695158670948,8.9046308983018,8.56926000764789,8.2903314620634,7.72839868320374,8.08204476736869,7.87255166502932,7.72015934329071,7.45479320033852,7.1791490247127,8.29482848404812,10.3890700035451,9.10795573044757,8.11672274483598,8.04339830632229,7.57582178839583,9.92712617697753,8.88745085994953,7.83540301377095,8.3205817108749,9.52933279785372,7.33013167890724,7.96382654036753,8.08873503537883,7.17856157490644,7.47763761589097,7.6546335814052,7.61796116307778,7.93257684713819,7.90853210199104,7.81350595184407
"hsa_miR_199a_3p",8.41836807557318,9.10691104431734,9.72415588773354,10.8299795097624,9.7553729413287,10.0891562161335,9.6374890741164,8.73375362847262,9.50389276891294,9.10185576299621,10.2734984832322,7.8005169299843,8.73894530968082,10.1906683602716,10.6949418833002,10.0812497081011,9.51670346672237,9.91354435559633,10.5387637147633,9.49214214236075,9.70176489917321,10.0910907026295,10.7591644382349,11.2180102981232,10.6081761594031,9.28399609858882,10.200475954887,8.98616134358266,8.46581463421063,9.98262633567665,9.29214276690492,9.28604286503606,9.77668049896197,8.93449449626033,7.38246134705782,10.743865323614,11.1840789194119,12.0225716761156,12.6241074962053,13.4637811088555,10.7899441588159
"hsa_miR_203a_3p",10.7130557895397,10.5092158712742,11.9246453275579,11.7365483909377,12.7611622542251,11.663555626034,14.3875924846957,9.26485759187262,12.5103715073103,9.34116295513647,11.7370728939433,12.1226087389945,14.5141595678995,11.3742003863059,9.30018195931626,12.1800879913586,10.187028602621,12.6361345904266,10.6896539380382,10.9636731430209,11.871143572381,9.81744241899821,12.5913399794765,11.150726551824,12.1648558614681,11.687348553434,10.3288815137883,10.6705968679357,8.67731595092231,10.0554620283784,12.9669499927091,11.8430395832027,10.3596942121516,10.2830280344875,7.33474343459454,12.8293171290403,10.0061104589947,11.1501305861956,11.3933659668918,10.7483495960851,10.5873553044103
"hsa_miR_205_5p",7.14085759450605,7.28169782686015,8.23865147528899,6.78250321599957,9.34880742145623,4.40351821355627,9.85752788098907,6.21655966305588,4.40351821355627,6.75210921608229,9.25795778437527,8.72520961640675,9.60260322130642,8.49603462538186,7.44816003795212,7.78530324459866,6.74672393076561,8.55894415918994,4.40351821355628,4.40351821355628,8.36360044396758,4.40351821355627,9.63144567633998,8.01252091278218,8.71864406869235,8.05930170682756,4.40351821355627,4.40351821355627,4.40351821355627,7.37075517897779,9.40025824311969,8.26980468722769,4.40351821355627,6.80358503913928,5.31824637435089,9.32824169986657,7.303958402225,7.1316639876577,4.40351821355628,7.08430581293493,7.44271532153618
"hsa_miR_20a_5p",8.82073119602992,8.93622222095349,9.104873073976,8.96082613385033,5.7845041633654,5.7845041633654,5.7845041633654,8.96700726089445,5.7845041633654,9.44506353110317,9.84010312422598,9.60643446354394,9.79211364035157,9.21533508019664,9.11545606206282,8.89509558700141,9.35531287121822,5.7845041633654,8.58975068911143,9.26138808639026,9.12533197409357,5.7845041633654,5.7845041633654,8.77868186190694,5.7845041633654,5.7845041633654,5.7845041633654,9.09685233672197,9.05633154106328,9.29299803217091,8.85153210744472,5.7845041633654,5.7845041633654,9.45703509700344,8.83556034034078,5.7845041633654,10.0513708907155,5.7845041633654,5.7845041633654,9.74222500278977,8.77256749839385
"hsa_miR_21_5p",10.3854423462133,10.5242969786577,10.5589740684168,11.6256608705613,11.5624124314685,11.5025820732659,11.1869675910786,10.7434240014572,11.330286909355,10.8335366528385,12.1638179150553,10.4429310912251,11.1695541786625,11.3730241532903,11.3099303589531,11.8814716922189,10.9451877273018,11.1133383894208,11.5146443081063,10.992635160272,11.8490311982258,11.4470264119581,11.7588550040088,12.2164377324125,11.8412017814692,10.7159622029136,11.9041825850744,11.2850388014742,10.3624957566725,10.7524481748275,11.7327464524521,11.9221189347442,11.8608062624662,11.1005961404458,10.8170244321328,12.55598168851,12.2459167222163,13.4589155791123,12.9501078195162,13.0180985530896,11.7867901982257
"hsa_miR_22_3p",8.0194898835882,7.80235169521301,8.17810078350627,9.1386914095152,8.40314404533658,4.74996669533822,4.74996669533822,8.01341189663307,8.5764528993732,7.59230735002389,8.45799184854397,8.35964954103452,8.66988620202617,8.13781213527535,7.47825210763345,8.12434808614836,8.0096214715143,4.74996669533822,7.64625969756866,8.33969561342193,4.74996669533822,4.74996669533822,4.74996669533822,4.74996669533822,4.74996669533822,4.74996669533822,4.74996669533822,7.40385182815467,7.03534562826611,8.28036026999405,7.80189362988085,4.74996669533822,4.74996669533822,7.65479599206461,9.63266936126123,4.74996669533822,9.37096831069223,8.72645038679808,4.74996669533822,8.58255999638491,8.09823579836495
"hsa_miR_221_3p",8.16908226700466,8.70641399776984,8.45118617834832,10.4840141723853,8.8333332480667,9.94145941703313,9.83253231931277,8.80997840012151,9.64365289049257,9.112343623677,9.95789757414516,8.60080158077146,9.17069729223785,9.41692259839649,8.74516349583056,9.97007253208074,9.59929284413645,9.79498761739064,9.41031921704785,4.26510528135366,8.41049631376788,4.26510528135365,9.89242353438965,9.3646842557948,9.08800583094882,8.68530260659308,10.4805593372656,8.42349479961495,6.90830737410894,8.93225799457394,9.10697013419741,8.48729874395073,9.15421851962516,8.16143733732553,8.79419512820495,9.0483562138759,10.3931883821124,10.4169485906017,11.4585454580054,11.5444651197904,9.72985449995865
"hsa_miR_222_3p",4.81433523511491,6.81760986214573,4.81433523511491,7.73786889393183,8.11824586535347,4.81433523511491,4.81433523511491,6.63030288884,4.81433523511491,7.13000681988286,4.81433523511491,4.81433523511491,4.81433523511491,4.81433523511491,7.7805187922493,7.62764029055345,7.84487343719847,8.35638320082633,4.81433523511491,4.81433523511491,4.81433523511491,4.81433523511491,4.81433523511491,4.81433523511491,4.81433523511491,4.81433523511491,4.81433523511491,4.81433523511491,6.44671796433144,4.81433523511491,8.1113716803378,4.81433523511491,4.81433523511491,4.81433523511491,6.75661376353883,4.81433523511491,7.99922323841585,7.89334780442356,4.81433523511491,7.54534399582939,7.89918597281107
"hsa_miR_223_3p",11.0221278543222,12.2304206688012,11.9179106747764,12.5407843329631,11.7156161876912,12.7152719433115,12.3565658585921,10.3787837660249,12.6167838293649,12.6745887724264,12.6227610364031,12.0074231186481,12.6209151716589,12.753946781186,13.2820674975555,13.5430978334065,13.796277771347,13.1262123881216,13.6871111206333,11.7333647697092,12.4154725700336,12.9477046524975,13.0491225230899,13.793251508001,12.9262464248008,12.2170709332577,13.4963633621118,13.2725146464744,10.7954895417109,13.8644574191653,13.5881639532378,12.8058299513935,12.7124619175761,12.1347076550754,11.4155507685811,12.6080995728973,14.6044802776006,12.2424417613511,12.818207780544,13.1299939109102,14.9269313892667
"hsa_miR_223_5p",5.44507574099498,7.78350481248486,5.44507574099498,8.93761208711079,5.44507574099498,5.44507574099498,5.44507574099498,7.68062088898485,5.44507574099498,7.99827410793243,5.44507574099498,5.44507574099498,5.44507574099498,5.44507574099498,9.67852093402468,9.24689291943092,9.64857323035621,8.84834998278384,10.0697315983615,5.44507574099498,5.44507574099498,5.44507574099498,5.44507574099498,9.52950610482869,5.44507574099498,5.44507574099498,5.44507574099498,9.07918798349872,7.4793182585861,9.21114614026047,9.50305193031797,5.44507574099498,5.44507574099498,8.48015587871606,7.40934400006298,5.44507574099498,9.6088363762503,8.32068447971479,5.44507574099498,9.580672835644,10.2250264719885
"hsa_miR_23a_3p",9.3501139920481,10.2852090009506,10.639634146464,11.2433747373035,10.9482836337662,10.7877863989221,10.935804313234,8.59908783079457,11.3269072246927,10.203614961428,11.413615296408,10.4143600953586,11.7509281791983,11.0388401170475,12.8412773000873,11.2421321823112,10.6846192403694,11.0891662757457,10.520599946334,9.26247778069336,10.394085798646,4.69923606146524,11.5653696886005,11.2850708049271,10.5627713327548,10.2694737048729,10.6285000382624,10.2430628934592,8.79461015983186,11.6696510751211,11.0212147460408,10.795126347477,10.0618073285493,9.91122003523742,8.7815788860342,11.3062702732135,13.0308324747405,11.6843034636606,11.6570968162755,11.927583785218,12.1983490543879
"hsa_miR_23b_3p",8.95213864391724,8.02784780209218,9.30364859811985,8.46286446354274,9.25166268500039,4.7630715469452,9.94456924077447,6.81964044437024,9.55094685017764,8.20388740244548,9.82271194739206,8.78495876015427,10.0295084983883,9.36183057566137,9.3000568531776,8.79473580182349,8.33657340342821,9.58666966859639,4.76307154694521,4.76307154694521,9.32167687318261,4.7630715469452,9.00207950021184,9.80346913485652,10.1838644207301,9.3669081266664,4.7630715469452,8.02434784693816,7.47318586908487,7.98611226972015,10.1431229854509,9.0058482529683,8.2386501270919,7.48551497844973,7.1612807620694,9.98396439769027,9.48419944546034,9.01624719005375,9.72175929039156,9.28937339270239,8.99849588018857
"hsa_miR_24_3p",8.75339456059587,8.75738910143386,9.7579732042063,10.531261456537,9.54846413495998,9.73835100181268,9.19383247449046,9.06333202094267,10.123772688695,9.75227912603061,10.2898979498403,9.37844048900498,10.0758909343938,10.0629741085097,10.4539457205122,10.2751278529146,10.083145195294,9.92223131666713,9.7684670735341,6.33893850158914,9.87632248592985,10.4847602849799,10.9831731470365,10.6238844800301,10.3789735355402,6.33893850158913,6.33893850158913,9.98020859077265,8.58570046913482,9.89504977386967,9.61416424059275,9.78746860050499,9.36960218394668,9.56520877771883,9.18393921052702,10.6241213065558,11.1131608009555,9.76145171954238,10.589126921774,10.5779933736983,10.8735360488467
"hsa_miR_25_3p",9.9539442278006,10.8573076468349,9.82653000154119,10.1180818552916,10.9275063355214,9.45162202558459,9.23923396973689,10.2170336384351,10.7430818984818,10.6887675299631,11.0139634333155,11.0883995895744,10.7700389564008,10.685218092278,11.2273745456405,10.5946912331272,10.9905462136584,10.7946800332117,10.3196485863306,10.5985566532523,10.9328621975625,9.99529483335151,10.4231899758152,10.5086014754394,10.9053076562009,10.9530429349868,10.9727005827311,10.8448596320639,11.2706817360632,11.7168798338173,10.512468235796,10.6302852588194,10.9440535607703,11.8204997477005,11.8287044956644,10.9232028457545,11.0705048189827,10.603019748806,10.1919792093245,10.5272027925538,10.8134428628935
"hsa_miR_26a_5p",14.1679812409067,14.1424578450877,14.385666175548,14.404565010279,14.5877352103549,14.8754622574568,14.4222666726957,13.301896757571,14.821799895648,14.5588497575535,15.2399140096699,14.3152361710698,14.5396056533051,14.8849653420063,14.3256167415228,15.0021260495252,14.7866834083606,14.6009452235836,14.2567936133038,14.1786929474567,14.5100327070496,14.1349665464112,15.0459246038915,15.0570927177145,14.7954341683419,14.4936229842006,14.4419233176064,14.1178847000946,14.0344329977958,14.503213272101,14.5711976007292,14.6594768360093,14.6048451216986,13.8475825839211,13.2432066481525,14.8657966955951,14.9963879633693,14.6061649363987,14.9207003564407,14.6001113531319,15.018925933602
"hsa_miR_26b_5p",13.2906134294092,13.2345358639457,13.5138419480297,13.1131321504969,13.3216019532384,13.5731551127097,13.4441309318395,12.6704909934439,13.5278003447657,13.3825464063214,13.7619962807939,13.8197558886456,13.6760940360257,13.5192188257663,13.3534428562568,13.935874848356,13.7807172625277,13.5244560579157,13.4799969396498,13.1997576362947,13.2525521459603,13.2215019751619,13.1462884713246,13.8168187958317,13.6646070127629,12.8225403552037,13.3212394796181,13.0398283227226,12.9638890695468,13.4896638552489,13.3687292574554,13.4689057380308,13.1727898909898,13.0886955761566,13.0319134730476,13.2532727585583,14.3623263347756,12.9525013207391,13.721124977119,13.5568528449785,14.1041375343056
"hsa_miR_27a_3p",7.90528781923042,8.31303322470924,8.49329605704771,7.77261502228189,4.9443125001405,4.9443125001405,8.73236084787195,6.72867670531842,4.9443125001405,7.60375093057861,8.56811326814029,7.71818794238805,8.62975552513613,4.9443125001405,9.75912998188134,7.96987207399386,7.26160940679794,8.79894825021168,8.69465210940554,4.9443125001405,4.9443125001405,4.9443125001405,4.9443125001405,9.03100108121932,4.9443125001405,4.9443125001405,4.9443125001405,8.34374679361877,6.99384273628847,8.44274870878355,8.22251201204677,4.9443125001405,4.9443125001405,7.6822490585908,6.64608609130119,4.9443125001405,9.90023831717952,8.70204401098462,4.9443125001405,7.88758186772032,9.0631852399727
"hsa_miR_27b_3p",8.39253350264898,7.80271316251997,8.59993596037789,8.58727607458137,8.1822170795702,8.45879943631264,9.90583533836853,6.43501592479999,9.21331887600717,7.56635905420625,8.59846707911866,7.99419218382943,9.66604092860245,8.95518283976717,8.17886105004732,8.46525964835487,7.35560492478069,8.50618385368847,7.86162761491166,8.16485866803886,7.9758145456235,10.399556559888,9.03975889092997,8.92358825975158,9.05475756673879,3.68789978974641,3.68789978974641,8.26522073210849,6.36807645241568,7.52060413775529,9.10675484324317,7.62044187740969,8.97715551855995,7.49916116843066,6.42658224092072,10.0323249718721,8.55235823657858,9.8659314526297,10.7796403143697,9.72109941976692,8.16878359462932
"hsa_miR_28_3p",9.05511476451188,6.05362769416783,6.05362769416783,9.57087131137355,6.05362769416783,6.05362769416783,6.05362769416783,8.1635762129984,6.05362769416783,8.62885295730722,6.05362769416783,8.35471819684382,9.73432351806918,9.9884666885607,8.75519426567996,10.1171155844405,9.0240154515451,9.47318746158917,9.59125118858197,6.05362769416783,6.05362769416783,6.05362769416783,6.05362769416783,9.55266115702402,6.05362769416783,6.05362769416783,6.05362769416783,6.05362769416783,8.10051794046551,6.05362769416783,9.53785422598206,6.05362769416783,9.41331928966627,6.05362769416783,8.51380947010197,6.05362769416783,9.10664647724485,10.5550220001502,10.0710422677946,10.8810033054221,9.7939870594516
"hsa_miR_29a_3p",7.59198579782219,8.1822039724758,8.49428426602882,8.66889159995996,8.5170603920829,9.77949727578174,8.98105845349821,5.71630989083311,8.85808683657727,9.15032223935817,10.1154722852293,8.15264284608144,8.7854177301544,8.93083031646806,9.23653507287555,9.63301308181216,8.70080300719855,7.79449677384003,8.1856782360341,8.77407469293926,9.20270028560108,8.84747089842694,8.90979682120404,9.60923346658009,9.05487877702036,8.80280681915577,3.27252211319671,9.11805047781222,7.61862702627757,9.08874377970671,9.34815810501461,9.1252588828245,8.74999617262148,8.34396396133636,6.92659716453775,10.4533507038584,9.14848570041151,9.82358053727257,9.4824113781783,9.21961173404485,9.29629719559323
"hsa_miR_29c_3p",7.65749946454932,7.73781772752909,7.83540857707006,8.21093069323601,8.12271686492534,7.91802598060824,8.23462258351808,6.95263155223891,8.09092548292239,7.41536109911993,8.61024681050283,7.69895852799334,7.62215105419016,7.41180361006211,8.47348954761139,8.10686504409576,8.00532270357822,8.45991520194695,7.72759494487929,4.04159217314782,8.17664602121022,4.04159217314782,7.85101542561601,8.13103204515761,8.5606724395024,4.04159217314782,4.04159217314782,7.03576937284526,7.80098353647347,8.03035745631603,7.79740222343628,7.60321347854802,4.04159217314782,8.07063696631516,7.81074187179777,8.71018525075979,8.77851684411543,8.19129983058523,8.81103143701534,8.08189138660809,8.41065610391589
"hsa_miR_30a_5p",9.18210231214805,9.18304759896588,9.80197290738422,9.85079237867476,10.0797277033788,9.78495350876257,9.94892856140808,7.07397878181689,10.4156277613823,9.20060108717938,10.2712493011511,8.74153824507965,9.48598664003367,10.4677824855358,8.94381671411122,10.4308412988201,9.00541853225241,9.86040283744824,9.10835006405947,9.38959205633759,9.9270543512633,5.57394445043777,10.0900768043093,10.7061769419898,10.9638649508469,10.007688741416,5.57394445043777,9.98874552738922,8.84561688806803,9.02560812383147,10.3986255278992,10.0934421772989,9.60087740611184,8.75790003919388,7.90451647936601,10.055345655836,8.81197439868052,10.1233744512422,10.6230514971612,9.44687842528547,9.29431663554561
"hsa_miR_30d_5p",12.1065031457039,12.4592238199305,12.0913069952896,13.4116277038275,12.6960240273894,12.3068206453509,12.2583451635807,11.9961303242158,12.9071918607965,12.6994158804829,12.8596915271225,12.2707762138912,12.5216773909504,12.8037823891378,12.4420324451799,13.4334244439661,12.9050130928587,12.9164124196367,12.5324027674522,12.1641657294001,12.7319587189335,12.1257142417209,13.0434888358784,13.0172282252326,12.6722425433911,12.582006671867,12.5253163495473,12.8338872602408,11.9134497655671,12.9950526950029,12.7725066120756,12.9825565550156,12.880812569223,12.8780361951657,12.2807323268661,12.4937716034449,12.8923983237404,13.2517582537043,13.3839504122784,13.2146517136208,12.9599401278044
"hsa_miR_30e_5p",10.3376199684072,10.586537445607,11.0783977471602,11.4536805317897,10.8504034677915,11.1841798122077,10.6871787520962,10.6835542324969,10.5165702451495,10.3539108847416,11.5765726589639,11.1882612385343,11.1575782797414,11.0984925999089,10.7474063568038,10.8783479572122,11.1401681760414,11.0809083654541,11.0001991895737,10.0107950492259,10.6507296527143,10.362953779507,11.0487818805192,10.4438889633158,10.2487907411519,10.3523119329594,6.28873204931622,10.5732968724434,10.5311411905454,10.8089052245261,10.8308553279725,10.4831975881812,10.7503988507092,11.0982984186389,11.1169294452752,10.8855887572173,11.8344608704603,9.93810823424829,10.9312225846834,11.2401360726082,11.1528202380771
"hsa_miR_320a",11.3421095980414,11.5870430131017,11.6810343495177,12.809399800677,12.1057451408167,12.111032309071,12.2520995280752,11.9939011544124,12.7357040129901,11.9293492969785,12.3830828778814,11.7799988733782,12.3359699977986,12.6497124808576,12.3779666884284,12.4857784132166,12.3385500963443,13.4988203496205,13.4574402562713,12.3386640355617,12.387525336934,12.8573439742249,12.5281064147082,12.1663768676297,12.7655876388312,12.3635888710615,13.3623925346823,12.0893033088854,11.5877409263838,12.1236189573432,12.1931482558655,12.4745176083323,12.058895428614,11.5891036596476,13.5976296263409,12.4451050996806,13.0263360562183,13.6289734721898,13.3356765070114,13.7800750231679,11.9527301578879
"hsa_miR_320b",9.30853578696215,9.64225612435755,10.1730972211113,10.2988780793052,6.98943038283565,6.98943038283565,11.0471948293499,9.32583389898446,10.2378322736037,6.98943038283565,6.98943038283565,9.61974952108554,6.98943038283565,9.60641492474174,9.54801387037205,9.80759519148862,9.1628849253945,10.5708469550767,10.3143871725543,10.4353977219782,10.4515950697256,6.98943038283565,6.98943038283565,6.98943038283565,6.98943038283565,6.98943038283565,6.98943038283565,9.81659920292627,8.64557683881563,9.15612426236517,10.3311745405318,9.91142073442402,6.98943038283565,6.98943038283565,10.7187104519939,6.98943038283565,9.63139772108937,10.977335896374,6.98943038283565,10.4903369165892,9.29674439775615
"hsa_miR_320c",8.55063726217316,8.46763340500693,9.64477848508637,9.7174701879595,9.42395771362218,10.2436885031583,10.4972749339401,8.27232461827698,10.1446298438321,5.82240575147754,9.55249317178806,8.14532981559855,9.99165406648434,9.15131483361742,9.08448769089937,9.51595346491186,8.71722803993053,10.7826813665767,9.22692322355913,5.82240575147754,9.06398550594422,10.0395424688218,10.3823039024597,5.82240575147754,5.82240575147754,10.101853037017,5.82240575147754,9.03635193092971,7.7459096910716,8.0781790961392,9.89523633600216,9.41083563731159,5.82240575147754,5.82240575147754,9.20639710986375,10.1384294782593,9.13988832629895,10.2144744007098,5.82240575147754,9.46724534584974,8.65138350199439
"hsa_miR_328_3p",6.60914744918809,6.62766291981221,4.48417386928,7.41197881920925,7.51722333753738,4.48417386928,7.46933622120609,6.57654460554127,7.76266772053522,7.41496717199791,7.94689368404693,6.73603563937201,11.5297431805497,7.64297817106329,7.01906940516472,7.41002553214364,7.84291025498853,7.87632372942065,4.48417386928,4.48417386928,7.52000771798007,4.48417386928,4.48417386928,7.64468561471312,4.48417386928,4.48417386928,4.48417386928,7.71234570020334,4.48417386928,7.16377759660384,8.30050466737991,4.48417386928,4.48417386928,7.32876912537388,7.28549417133644,4.48417386928,7.75964544287621,8.3245482516701,8.94453840394495,8.73783168891879,7.63877939154332
"hsa_miR_342_3p",10.3416395363318,10.3678101135172,10.9902455436468,11.2542299596756,11.0024203070585,11.9817817928233,11.5509006841376,9.19960661563927,11.4213463778401,11.0527664101862,12.1345552639016,10.218827936407,11.1633663605177,12.1023714139472,11.0955129660003,11.7904811104485,10.9467172877412,10.6619727508006,9.79786409264857,11.0407312881932,11.8015066625237,5.61692457175171,12.1152408609251,11.685990142932,11.4232445736799,11.1929358364866,11.1125346587025,10.8122740268496,9.8719912732282,10.5100792779596,11.3358706217491,11.3148884099783,11.8160450702593,10.8117472452534,9.3744558960687,12.5826347455827,10.4917350401058,11.9074434030449,12.1154674054311,11.382698271184,11.254071066253
"hsa_miR_361_5p",7.5514175087094,7.83877711458124,5.64639916571255,9.15955061453955,5.64639916571255,5.64639916571255,9.48820257684338,7.73354236635816,5.64639916571255,8.77065787683981,9.50107200879534,7.972028951289,5.64639916571255,8.85460253475944,9.54080390020217,8.92353043881332,8.68370750629305,5.64639916571255,5.64639916571255,5.64639916571255,5.64639916571255,5.64639916571255,5.64639916571255,9.23534093084636,5.64639916571255,9.41171626576843,5.64639916571255,5.64639916571255,5.64639916571255,8.5028869568157,5.64639916571255,5.64639916571255,5.64639916571255,5.64639916571255,7.34846005224158,5.64639916571255,10.006361774321,9.3745447247557,9.53694594651188,10.1564899773119,9.52829058761512
"hsa_miR_3615",6.93315409323627,7.25553623285076,7.46136413438145,7.82406567057419,4.26237193274882,4.26237193274881,4.26237193274882,7.2325731832206,7.52641080497069,7.30094761405787,8.33161114472626,7.20592911441903,8.13109559491856,7.47521562824602,8.35630244987655,7.68129293867209,8.376289469931,8.2100745940196,7.70660500922426,4.26237193274882,7.95010178816939,4.26237193274881,8.15977372344912,7.48132143288715,4.26237193274881,7.77895358958046,4.26237193274881,7.62702190907111,7.16307892094254,8.65549461913913,7.96566012958769,7.79487847902881,4.26237193274881,8.10373935768957,9.05934128172417,4.26237193274882,8.46703496252619,7.69955957608248,8.4005585408483,6.84108276592265,8.47044028455377
"hsa_miR_378a_3p",8.162415414372,7.70732442785419,4.51673043547006,8.12137368567987,4.51673043547006,4.51673043547005,7.82823857545359,6.81410260743788,8.15363784464751,7.81426600243704,4.51673043547005,7.75350800466242,8.3087032912507,7.66643512274605,8.8036862128236,7.9270094343736,8.49448448359168,8.97055091942308,9.99219441541437,4.51673043547006,8.39296645088673,9.34285380227587,4.51673043547006,7.93697708164046,4.51673043547005,4.51673043547005,4.51673043547005,8.50607692745586,7.03088569596959,7.87698299586397,8.46431654158902,4.51673043547005,4.51673043547005,7.6029377877812,8.71541243689081,4.51673043547006,9.72614910939673,8.88315009649728,8.44368594120764,8.89431797396969,9.09834756079401
"hsa_miR_423_3p",7.54896681733395,7.71079384869172,8.31110826272793,8.08989494232338,8.038170250781,8.43731437543073,4.15285089740609,6.92843614366522,4.15285089740608,7.70893659908734,8.55254472605742,7.63795784434798,8.2606752730432,8.14948727586041,9.52791742075287,8.24135732452002,8.53886794631743,8.81335020827655,8.02687019763859,8.13583476236178,7.68398053569338,4.15285089740608,8.51299509464038,8.37607822662625,4.15285089740608,8.5138692972731,4.15285089740608,8.47804568758929,6.62259161326845,7.99034537692904,7.82816918191513,7.68630997567461,7.98447070467519,7.69931072556409,7.55265030611545,4.15285089740609,9.72615111490793,8.05662432121422,9.12568590071176,8.54516050124941,9.29640259049605
"hsa_miR_423_5p",13.2650052479827,13.9123073630456,14.2359150896112,15.032811258461,14.0953462346501,14.6285644024259,14.1701719960016,14.0705420492441,14.5162993479478,14.0475875108486,14.4253703901252,13.6307356733397,14.3216118021793,14.1972577723073,15.8593909691393,14.0643206102479,13.7946692776619,14.5369041811209,15.3529312052385,14.2706193411936,14.5901932510002,14.7247350263166,14.6967614950229,14.3300833215553,14.7998690686215,14.2471405397969,15.4522676916482,13.9562665956299,13.6343211662096,14.3754287022855,14.0466093085432,14.3655964807661,13.8357626938977,13.5686849159498,15.8052476123884,14.8772742068152,14.7674147615108,15.0187393267643,15.2260187962257,15.145259313967,14.3222463652458
"hsa_miR_425_5p",9.87884026698669,10.2281963978264,9.42592825221429,10.0524572492709,10.6431870925204,10.3308563859761,9.69362380072623,9.5840854241152,10.8388682756139,11.0315782150671,10.999159684882,10.6368606705695,10.9219270794457,10.5830130948985,10.7729363862152,11.7033311455558,11.4094487771978,10.9042048728799,9.86763253486137,10.9300318003342,10.8018515124416,10.3835662443809,11.3801731041959,10.8902407449453,10.8932517126555,10.0133159160195,11.0464994225856,11.1465302307638,10.4094672938535,11.33546168345,10.6441070639734,10.7052417589768,9.55854208766938,11.1046613070631,11.6823096368892,10.5067576264982,11.671853153006,10.3025207798496,11.4339903334825,10.6858149392624,11.818195481518
"hsa_miR_432_5p",5.76032693554985,8.06554623313088,9.31374733401471,11.289540222687,5.76032693554985,9.90408762655531,9.76118648247153,8.86646063380148,5.76032693554985,9.15117705267351,5.76032693554985,8.23466151998829,5.76032693554985,5.76032693554985,8.0132823154952,9.59728742686793,8.94914616651535,5.76032693554985,10.226754479784,9.72780846998868,5.76032693554985,5.76032693554985,5.76032693554985,9.06759155559086,5.76032693554985,5.76032693554985,5.76032693554985,8.59956646851536,7.87833717334756,5.76032693554985,5.76032693554985,5.76032693554985,5.76032693554985,8.58974489629064,7.70789850579614,5.76032693554985,8.12800153842598,11.9227200844153,10.9981689357213,9.24779336919101,8.93901367418295
"hsa_miR_451a",11.4246763325018,11.7003155552028,11.413915277311,11.3248392645034,11.9251746243473,11.0169214580742,10.1216744638139,11.807934223194,11.9381957704035,12.2383783421627,13.1456822644282,12.7348100220795,11.8202339480022,12.2330520284137,12.2177022673249,11.689687603901,11.9378373724507,12.2866665648353,11.1775676144126,10.8841223599055,11.7700396112234,11.6366018475089,11.1983524262009,11.7843365924355,11.5753545990602,12.0287595760553,12.0154493783889,11.3255688725187,11.8281090241977,12.5431087420373,11.2336531277583,11.8684513724412,11.1729747049059,11.5228635827044,12.617122896363,11.4767121567291,13.9304063775924,10.7939127667619,11.4394460659208,12.4109953814791,12.1203971220185
"hsa_miR_454_3p",7.68956759848013,6.98430349669538,7.75084523745034,6.83236685418303,7.98959409242397,4.32866157634419,7.57114752768545,7.92229912543872,7.5175937170266,7.67775831903974,7.77367444839368,8.34861331463352,4.3286615763442,7.80260548899255,7.45933185212821,7.93853131511638,7.96353446835728,4.3286615763442,7.5927470958262,4.3286615763442,7.56869669569651,4.32866157634419,4.3286615763442,7.47354186793127,4.32866157634419,7.87096380674302,9.22947197716778,7.1040723231316,8.01220794208505,7.7207118093212,7.54224295042241,7.48260451230249,7.38942487848742,7.97404426256173,7.65744973302344,4.3286615763442,8.13648195244627,6.89254200245322,4.3286615763442,6.6604441315316,7.87069364679459
"hsa_miR_483_5p",9.10809413667822,6.91472172254427,4.67182413036902,9.37814200960308,4.67182413036902,4.67182413036902,8.48060894400857,6.2658247918822,4.67182413036902,7.97100246498753,8.19329866810445,7.32057714485135,4.67182413036902,8.80844920433027,4.67182413036902,7.59717178691643,4.67182413036902,8.34788691273132,9.01750160890654,4.67182413036902,4.67182413036902,4.67182413036902,8.92292985199328,7.88967670550592,9.08496884982887,9.24428521722444,4.67182413036902,8.73460382114252,4.67182413036902,7.38446203728587,8.97810238294923,8.37660192673684,4.67182413036902,4.67182413036902,6.72902692040258,4.67182413036902,6.1744896411539,9.91132968890236,8.71644061302309,7.72950423621394,7.49195522651465
"hsa_miR_484",8.66728926372253,9.42786081557847,8.73966628936065,5.45740192227564,9.46473827473678,5.45740192227564,5.45740192227565,9.11670268055614,5.45740192227564,9.29564989003659,9.4381634212385,9.12054146209608,9.54969989903284,9.22607165357108,8.64187729574297,8.8318210391317,9.58728972390014,9.27000192679241,8.71837350850125,5.45740192227565,8.86952126324901,5.45740192227564,5.45740192227565,5.45740192227564,5.45740192227564,5.45740192227564,5.45740192227564,5.45740192227564,8.91636502684141,9.12029308245961,8.58246089815066,10.0488734456775,8.66659338469986,8.7851283671678,9.85615230437286,5.45740192227565,10.1273505787744,9.38816868270196,5.45740192227565,9.75486056220662,9.41201555287997
"hsa_miR_486_3p",11.3763099433754,11.2264327242327,11.2733838558702,10.8047481017362,10.515390937013,10.5965957314199,10.5416632741643,11.2706191345414,9.41488791582776,10.5783837316234,9.85147353017977,10.6964801689525,10.7592315602054,10.8574812237191,10.9996003710392,10.7637910150516,11.0864836976683,11.042862940037,10.9667808511426,11.0349940238205,10.9558372470324,10.047093790804,10.4650959811239,10.3923064353825,9.60862033876669,11.2813652814176,11.4230937084675,11.3170991291011,11.5504385416846,11.0238576239345,10.5638108848487,10.7355065393666,11.1519528245395,12.0739267643858,13.0620464701732,10.6107988985725,9.70562471394823,10.4780401768766,11.2695776715671,10.9970258982799,10.9245042848786
"hsa_miR_486_5p",15.020782712587,15.0363756084543,15.3615737105103,14.8492583661028,15.4816352124687,14.7791103729011,14.3141081174398,14.9418034191174,15.2732632971075,15.2427818981921,15.2033118135254,15.52362684385,15.5596041376194,15.4000181498144,14.8366147595623,15.1028873223566,15.3095557837565,15.5327773846608,14.8117653255059,15.0761429076158,15.6369700589271,14.7421985195595,15.2668978837297,15.2151619723904,15.2172205191507,15.4937380232333,15.4677858460775,14.9642940200337,15.4243837191922,15.4265767334784,14.9081460707503,15.2272588894646,15.2280932109949,16.02691645698,16.7030783497865,15.0322796591304,14.9434215765368,14.0879288093644,14.9864442472976,15.2218638575968,14.9450818780533
"hsa_miR_532_5p",7.90745351303566,8.10431453889554,4.97849805532895,4.97849805532894,4.97849805532895,4.97849805532894,4.97849805532895,7.50898719561238,4.97849805532894,8.22423148017025,4.97849805532894,8.1666137352623,4.97849805532895,8.06323667205424,8.56508743456727,8.17560600646842,8.39989974845893,4.97849805532895,4.97849805532895,9.41473727327014,8.51073412012815,4.97849805532894,4.97849805532895,8.14422315413335,4.97849805532894,4.97849805532894,4.97849805532894,7.6962279268852,7.97277026662049,8.32525585438611,8.10384545384701,4.97849805532894,8.41487817580498,8.63667072051578,8.76873299036078,4.97849805532895,8.3706354537048,4.97849805532894,4.97849805532895,4.97849805532894,7.48046125683229
"hsa_miR_629_5p",6.64414840984583,7.96053673822769,8.12913457447303,8.48267723670837,4.72356948331222,8.4607513437117,8.47530170317873,7.23608873263654,9.02040422711234,7.75909629484122,4.72356948331222,7.47085170234962,8.82132146987864,4.72356948331222,9.35147147339294,7.72012293098643,7.34640152595768,4.72356948331222,8.50029357575581,4.72356948331222,4.72356948331222,4.72356948331222,8.91099699267478,8.00082937495779,4.72356948331222,4.72356948331222,4.72356948331222,4.72356948331222,6.8875470379912,8.0744784064389,8.2722573145736,4.72356948331222,8.44678026520142,7.85463290446712,9.220192269226,4.72356948331222,8.92151528172646,8.60906960802486,4.72356948331222,8.83194437324833,8.93031823355582
"hsa_miR_7_5p",7.87040508944585,8.78076505087013,8.61621658420365,9.10100184717993,9.49432507776399,4.99250670627126,8.76961189853896,8.10756466791291,4.99250670627126,7.70794146543646,8.91207549492207,9.55031813837095,9.62422784159408,8.65756146669411,8.72693541256189,9.59942901393983,9.54625602739624,9.18639834391127,9.81694236975159,9.49439907626054,9.56058520210551,4.99250670627126,4.99250670627126,8.82346074042669,4.99250670627126,9.33460908700048,10.3735620979521,9.01967786527597,9.28360634882691,8.86773052534372,9.36551798778392,9.51502095712855,4.99250670627126,9.16204748713284,10.325328613115,9.2119451529263,9.33186275166314,8.94415387299455,4.99250670627126,8.9936595826511,9.17830632562131
"hsa_miR_744_5p",8.69466416398932,6.21360408808552,6.21360408808552,9.39470097130103,6.21360408808552,6.21360408808552,9.60701323586881,8.7726993578649,6.21360408808552,9.15722764311417,6.21360408808552,8.6088199338719,6.21360408808552,9.80440222568511,8.98067259699277,9.85847374439361,10.2089647914824,9.75979640881595,10.8752324788437,6.21360408808552,6.21360408808552,6.21360408808552,10.3180662986883,9.8889776342968,6.21360408808552,6.21360408808552,6.21360408808552,9.45718422240762,8.26388933043572,9.40518845212309,6.21360408808552,6.21360408808552,9.4593736638761,9.69975489696645,9.68628297948893,6.21360408808552,10.0326057988532,10.2858663042068,11.0872459632594,11.3276102270177,9.96016725706767
"hsa_miR_92a_3p",13.5375277747193,13.8595387133488,13.1532529493946,13.5660244354698,13.8615055753303,13.5705919445151,12.8117450693164,13.6525436316119,13.9434657718368,13.9367257344625,14.0995048981846,13.6747493017862,13.8932885671655,13.8875640980281,14.0351597091321,13.6596127526552,13.8746981067572,13.8728283606926,12.7395626983633,13.4048265007796,14.2225700346377,12.7626563657751,13.7280610616078,13.9274702515104,13.6782294697189,13.8562502781103,13.5001239350789,13.7147396314446,13.9415533024898,14.084589880506,13.7849745654322,13.9226488634709,13.708322222739,14.2448926217977,13.716816881421,13.6123150977595,14.314094087985,14.318723235556,14.3892533228391,14.7841809261374,14.21881248482
"hsa_miR_92b_3p",8.60648656075499,7.91017295975897,4.3921689750963,8.01025271829909,7.59668226451793,4.3921689750963,4.3921689750963,8.52514197810453,8.26255862284887,7.83993402959892,4.3921689750963,7.43257005640027,4.3921689750963,8.05537216500325,8.47511572402191,7.30482451336738,8.34038500808209,8.13744773391096,7.81779049740147,8.56193077105076,8.37175180368429,4.3921689750963,4.3921689750963,7.25806916517528,4.3921689750963,8.12400318049736,4.3921689750963,8.58561556285997,8.73144339037065,8.31052224152705,8.87474524807598,7.81799662762153,8.0379489023121,9.06166523789487,9.19919694667651,4.3921689750963,7.39744765349957,9.11790223445235,8.70853888629773,8.81246646500972,8.45068618797969
"hsa_miR_93_5p",12.2910099083634,12.9199318213887,12.2899865088878,11.8172839138142,12.754656383835,11.7688739107774,11.901208755303,12.225172439513,12.9670432717075,13.0560135019153,12.8407033885129,12.9449680444057,12.7283800427523,12.6402169949575,12.707223771194,12.7268854293488,13.1558947967953,12.7378424020633,12.7120534167066,12.608866609282,12.8225513704818,12.1566293602673,12.9206002372729,12.7696949839812,12.7853631307392,12.9417210844306,12.6339860141585,12.8451069749596,13.169256474637,13.3451682470384,12.5969975276368,12.8692917190064,12.8778740368954,13.412012208039,13.3651247003574,12.7977748896406,12.9494506019616,11.7616970005564,12.5221011523046,12.174208874587,12.6103359275753
"hsa_miR_98_5p",10.7457791056442,11.0701191087821,11.1262158889137,11.294964450084,10.0403253286084,11.4133587663164,10.5400690613786,11.2346430254208,7.06068969563073,10.6208880785227,10.3793607644038,10.9529729709121,10.2468311475535,10.0928009091358,11.1755615892848,10.4342756782829,10.9163169192734,11.0518034581641,11.089279462994,11.4887415100962,10.9284493297786,11.0768224624346,7.06068969563073,10.4286329054444,7.06068969563073,10.7371169572982,7.06068969563073,10.7740883812661,10.8395100673016,10.7863619087352,10.3063425196347,11.030468499168,10.8879464826401,10.5910102756856,11.4513095385517,10.8406336374562,10.6543683292039,10.6580342304391,10.8360909860304,10.4484374323277,10.4803267818148
"hsa_miR_99a_5p",8.48823183003169,8.29943826258403,5.03602446032277,5.03602446032277,5.03602446032277,5.03602446032277,5.03602446032277,5.03602446032277,8.81955633079991,8.31020665039899,9.80445169584628,7.47325400137374,5.03602446032277,8.8472040226283,7.17935031166423,8.61807231123061,7.90173494399265,5.03602446032277,5.03602446032277,5.03602446032277,8.9396665560028,10.2087826687505,5.03602446032277,9.26940564057605,5.03602446032277,5.03602446032277,5.03602446032277,8.64242778651881,7.05097164324827,7.95199243991306,9.7388390435878,8.33061197166312,5.03602446032277,7.82187553018442,6.62993481475499,5.03602446032277,7.46018351718527,9.28874622159396,5.03602446032277,8.49216576503967,8.0600352866685
"hsa_miR_99b_5p",8.03264955822716,7.655978129565,8.85073895666938,8.94028586248871,8.5212709048809,9.35869247634234,8.41851010268387,6.0136012571226,8.91891447885226,8.20361364762552,9.70359512750471,6.63514617967679,8.09977753736745,9.2916546524139,6.87349393323437,9.22194324886818,7.97622073469273,9.03515532251748,4.26940944662178,8.90878972006113,8.78028510248046,4.26940944662178,9.33255073704186,9.84755609046821,9.89242491487641,4.26940944662178,4.26940944662178,8.74255219645379,7.31283367546015,7.95830836229083,9.35444938644658,9.01625282091185,8.69894525302799,8.00415144278131,6.13452626556547,9.17412527296639,7.57390992124107,8.98618506885524,9.56422022781072,9.39341044802129,8.57666071082974
"hsa_piR_000765",7.41162395317529,7.22198752295009,7.05870611155717,7.62046798586541,8.15742644741921,8.26477908147678,8.41613494694599,7.09336351629718,7.58701212862432,7.34612343627096,7.87074510274647,6.65548600098236,7.26668435291783,8.25224634679559,7.89181472746118,8.29393117180457,8.31097120528932,8.78888947320276,8.54515534091754,8.47669577496592,8.38652783739292,4.16238015724786,4.16238015724786,7.60465953115151,4.16238015724786,4.16238015724786,4.16238015724786,8.339522981705,6.41074933775614,7.28170558400351,8.12546994993909,7.98630244647552,8.09525494910082,6.54921917634446,6.99134554770051,8.29979813614278,7.22591116510567,8.42459235902522,8.20509775830488,7.1235050396413,7.71015628618305
"hsa_piR_000807",8.76878614157337,9.04988944301645,6.90487998577349,9.2050446966209,11.8118912491605,10.2278585518741,6.90487998577349,6.90487998577349,12.1200092173008,9.43851048239038,11.9111826517716,9.28778254701184,10.4786200683728,10.9996288321559,9.53463749852509,10.4410488206644,10.4931738062164,10.2151396045396,10.5510822799752,6.90487998577349,10.6115685017927,6.90487998577349,11.2040066386006,11.3402934660293,10.7701236182147,10.5492515581756,6.90487998577349,6.90487998577349,6.90487998577349,10.2073432684424,10.8134912163849,10.3860010073191,6.90487998577349,6.90487998577349,6.90487998577349,6.90487998577349,9.64312124910469,10.3597382493799,10.6577462145735,6.90487998577349,9.01984736043383
"hsa_piR_008112",14.6278057057729,14.8646935559555,14.7673129341016,14.338168067404,14.0510418189087,14.7322806159432,14.3417444938225,15.3636175412645,13.7136418289966,14.1781152048044,13.0219314904544,14.1348898287699,13.7403644814659,14.2484678363555,14.625118344026,14.5105840089539,14.86236796227,14.1509987353827,14.6497618227412,14.9488800444923,14.1965398003937,13.8386281534115,13.6582121706874,13.8554725452502,13.3987624859744,14.1663925696096,13.3462789794985,15.0353142260428,15.1358459184065,14.4372661783567,14.2685918861092,14.3007467182201,14.6504540825546,14.8261997959241,13.862611300487,14.0521993651445,13.2941770103741,13.8369094174678,14.0584147982616,13.1721585977726,14.4779777396005
"hsa_piR_008113",14.7473445755903,15.0246124883058,14.8104047068915,14.7836657516652,13.9366210345383,14.6248614730274,14.5847552794578,15.202042626463,13.7781845927304,14.471088500208,12.9000684532707,14.0447307642868,13.7246161849409,14.3388197961591,14.8023653768522,14.1283027682075,14.3291695811633,14.0027359322819,14.528299673584,15.0029028131756,13.9282314786458,13.5905051807627,13.7085488035002,13.841401049119,13.6081555541094,14.5125222636476,13.618741804497,14.6732319822358,14.802694763105,14.391326839597,13.90961625406,14.240639504978,14.3945411596392,14.2996127621621,14.1098608291974,14.3155923730774,13.5421599601621,13.7189812586066,14.0546748807435,13.1935815993604,14.3002043376983
"hsa_piR_008114",10.7014632942225,10.0744146540846,10.6409622041381,10.6219002327193,9.90387496049828,10.5941539156324,11.7860594547165,10.049902928625,10.1194684954369,9.93045566844869,9.78579629846761,9.8607593856314,8.90237417980136,10.1464494906573,9.66856070225364,10.4031444286455,9.61889950984964,10.0802315449454,10.7769458938943,10.8589146052777,9.85211749109999,10.7690627592041,10.4240170683332,10.4562826704107,10.5033892202006,10.1466150578566,5.69014326609136,10.7023965002733,9.62723542711609,10.0468510053486,10.634885951092,9.86304287725717,9.85685226541677,9.48900996155059,10.0501882880469,10.3911634437187,8.62970807034665,10.1659122690094,10.6145547723603,9.76573663972279,9.75091319411336
"hsa_piR_016658",8.77745023927743,9.08891350870128,9.40520699140048,10.0599778468769,9.4975060426854,10.2413819701183,10.3182245123682,11.6929530514576,10.7516489814634,9.94364192923318,10.2284462738583,8.96246589953307,10.5303067518262,10.2585838286376,8.71976384520514,11.7160350559737,11.0454813531853,10.0433775294979,9.67536416023841,9.88694910194468,9.93276322241547,10.4262833731542,11.9354438589612,9.53809623441451,10.1392854216953,10.9716982544959,10.8809847775332,9.29410101874146,8.15174341257604,9.05994371897164,9.85436477448635,9.62786129337874,9.7789785364481,10.158514179016,13.3248948383024,9.91492591681804,9.86758949714243,10.5884987024619,10.7632301579392,8.8540376601553,10.460864284368
"hsa_piR_016659",7.63084479100094,8.2055069424191,8.23206472638022,8.13315880024642,8.79278306519997,8.31094938583266,8.02196242052312,10.9616415516556,9.3561236291686,9.62849835875302,9.61565694971528,8.32922757840844,8.55919604507664,8.02901370297376,8.19623920508513,9.32433614126614,9.40083271046635,9.91278037584112,8.62470139570619,8.79956680806396,9.57734351142685,9.90092923826412,9.94302371440768,9.14692862872511,9.81374597767804,9.35497577925418,9.199862591308,8.49757215977944,8.13393677665215,8.20212946600015,8.87082178196834,8.7110968319593,8.9516399984433,9.3960596367125,12.3380651278483,9.82410566757835,7.87472987295746,9.03454456800612,7.83043447323299,7.67650837515511,8.84599150859021
"hsa_piR_016735",8.36530384390822,8.68088994773711,8.60571986905861,8.7061674677295,10.3123062803533,10.2729257397915,9.63774614873164,10.3211452865117,10.276606771229,8.93660073654857,9.74439724376134,8.32636890880932,9.02957223886071,9.21297335444455,9.89804953851451,10.531812276018,11.0717333477208,10.1967442252432,10.2587298110778,10.5208243412441,9.63114515892625,10.0977363379222,10.3720450073189,10.6735202998325,9.38558555230226,8.78331562344445,10.9860566233083,10.1433817945581,7.37849984413847,8.5790049213598,10.2906816196924,9.64365006309036,9.37949607108886,8.47100300454057,10.7834236417527,10.6580776983435,9.81893881727363,10.3923749808736,10.3884102230183,9.15150818423446,10.8884793891037
"hsa_piR_017716",6.44462630556786,6.52181028401437,4.42725458741068,6.85939245820282,7.39106307537189,4.42725458741067,7.68470522106276,6.21860702219861,7.83375674100658,7.11216637113208,4.42725458741067,6.48621041525812,4.42725458741068,7.51394707278338,8.20351361255063,8.05378455374742,7.93114648742911,9.26591757366267,8.0683567252756,4.42725458741068,7.49793112072447,4.42725458741067,8.06299871688657,4.42725458741067,4.42725458741067,4.42725458741067,4.42725458741067,7.68236742894908,6.06058482562637,6.82917588988789,7.72296056886989,7.89440490220146,7.79918427457731,6.6932199553235,7.27422342730168,4.42725458741068,7.32233399093602,8.73876111651237,8.5545082768413,7.56011589378538,8.33645797877006
"hsa_piR_019443",7.01441153479325,7.16804301834031,9.57786663228818,8.16840886953308,8.10718701859914,8.65047187918467,9.16614174989364,6.84923545925321,8.96918737571581,7.78534771484647,7.73411544724337,7.0748370283935,7.6801445732007,9.17185873316466,9.75587729625518,8.96192431724625,8.30645328435239,9.34184176129878,10.2293245392456,9.25656157625963,8.52026705840689,3.79934861691327,9.10007395202963,7.50163532236546,9.33378140060965,9.1539709106707,11.6451023479622,9.20980227768089,6.30562530443806,7.82041093724535,8.2593253332285,8.89239448359527,8.66266584154316,7.45247256593512,7.3403210149485,9.04973398635894,7.25703984109607,8.96294719363413,9.65569556958956,9.5426124764869,7.99707452042155
"hsa_piR_019675",8.42314896936067,8.59979688059677,9.95374385028894,8.78937280340456,12.8643518854278,9.73530643536521,6.28510075564589,8.01901308809634,10.6523064464349,9.09838707404931,10.4456651541206,9.56432569829421,11.7445037580605,10.5557850237956,8.43657585900958,10.3768470983157,9.27305153468528,10.5881792563514,6.28510075564589,9.5756128048731,11.6091238009746,11.2234468915871,10.6076132514374,10.0045576041509,11.9942597706534,10.5267186851671,11.0653443235034,10.5651619617187,8.21970473790883,9.68438614559805,10.4147478914105,10.3509062883306,10.5319005037027,9.42074047586051,7.68335831283201,6.28510075564589,9.22766273152606,9.96946304292611,6.28510075564589,11.0322448256423,8.97173988919868
"hsa_piR_019914",8.57928547425502,6.63025630872814,6.63025630872814,6.63025630872814,10.1493263706339,6.63025630872814,6.63025630872814,6.63025630872814,10.5494868570892,6.63025630872814,10.5926265685586,8.67395408366995,10.300142098426,10.3269120827151,8.5640140451979,9.79726511427473,9.16078014460776,9.77456754714566,6.63025630872814,6.63025630872814,6.63025630872814,6.63025630872814,6.63025630872814,6.63025630872814,6.63025630872814,6.63025630872814,6.63025630872814,6.63025630872814,6.63025630872814,6.63025630872814,6.63025630872814,9.89850006846679,11.1714093869202,6.63025630872814,6.63025630872814,6.63025630872814,9.04869358621479,9.37418511232709,6.63025630872814,9.04654409192583,9.46315240457776
"hsa_piR_019949",7.59365687393342,9.60021624835244,7.59365687393342,10.5863621484582,11.5016664181841,11.3820475609543,7.59365687393342,7.59365687393342,11.7008823159477,9.91312543994766,12.7533725467343,10.4034627426625,10.8086467819801,7.59365687393342,10.1847431554136,7.59365687393342,9.49735242253465,7.59365687393342,10.1865910265475,7.59365687393342,7.59365687393342,7.59365687393342,7.59365687393342,10.4724384432146,7.59365687393342,7.59365687393342,7.59365687393342,7.59365687393342,7.59365687393342,7.59365687393342,10.4357206058262,7.59365687393342,11.3115535819114,9.96396296481343,7.59365687393342,7.59365687393342,10.3434672303935,7.59365687393342,7.59365687393342,7.59365687393342,9.48636813305019
"hsa_piR_020381",8.27763354114183,9.11425104475313,9.80823695911906,9.02914441621309,12.8025770301515,9.59601475505687,10.2872418672162,7.34235865769247,11.2050675189613,9.3057489458297,11.2257050109631,9.09349283311754,11.9022364894634,11.1749560052712,9.40951944177175,11.1980106865063,10.1256224561878,11.1752280785666,10.2628582356305,10.1572641287016,12.0505365082315,10.5614450572673,10.7024678542343,10.5010671573952,11.842833632761,11.6535499163093,10.3592589875424,10.5533718637448,8.5084390763064,10.2109870198704,11.0253662072509,10.1296664332204,10.6287840963242,9.54795172029239,7.03051635208914,10.5548437340991,8.94849379333271,10.3173393025081,10.003471201223,10.8779874286927,10.1147674827226
"hsa_piR_020485",9.01193378348333,8.83835591683753,9.57608310828126,9.51949330402333,12.4195350054087,11.2626579071345,10.4778887052882,8.03695824327535,11.7118523862257,8.97968016255344,11.23525037016,10.5007927580124,11.3469191812058,10.896259790458,9.88110881127419,10.7291443489395,10.9386146248688,11.435160237997,10.4980013985842,11.5751777209465,14.3231658832492,11.163773761972,11.6649528301272,10.2650259694441,11.9323257965066,12.6191839172278,11.172733802916,10.4107897162524,9.31480088537969,9.57988159743377,11.1926602842266,12.2504027911822,13.1377248004093,10.0422706037632,7.82575692589943,12.4346611338037,9.22214306016407,11.4005803383967,10.6796310532361,16.1325883544525,10.9818527957892
"hsa_piR_020500",8.73026870643313,9.33426723324445,9.97320691444999,8.53639909521721,9.88706536856174,11.1487040815172,9.63987134812713,7.44669750874077,10.8561478311783,8.24636717998382,11.0542693656518,8.55742987901333,9.9676570763258,10.670935036175,8.83891695530202,10.6331972214876,10.0259124521216,11.0698186487848,10.3264563348038,10.7044136363948,11.125436929108,11.8355789561378,10.9188247910218,10.1258621279922,11.630635782469,11.9745957210525,11.9128362824481,10.2205388788523,9.02081482694606,9.76627834822638,10.3388824919209,9.44669905455443,10.5472707724418,9.91712547422794,7.52673221752823,10.2873966775953,8.76543446889753,10.144319320035,10.2750734529105,9.31977939721936,8.62007168965152
"hsa_piR_022258",9.20462733117266,10.01072169226,11.2966473463982,10.5758881069431,10.9558670437169,11.024282168563,10.5378434639158,7.88198422348979,11.3886888531305,10.340563041716,11.93839432416,10.5702438452542,10.9043922771083,9.97091827446132,8.72024222364317,9.60129378032705,9.37859660401314,10.615436222564,10.1539561456531,10.4698157957899,10.5661058357429,6.76508286303972,11.1938053960364,11.3066206388947,12.1754630099171,11.2557277868577,6.76508286303972,9.34058031061936,8.54559315610976,9.68944183773129,10.1238840140354,10.6810978626347,6.76508286303972,9.91894376030928,7.76592190313508,6.76508286303972,9.96043571230488,9.66497907953012,11.5163722648807,10.0605347026164,9.86080290228072
