"","HB2","HB5","HB8","HB9","HB11","HB12","HB15","HB16","HB18","HB19","HB21","HB24","HB25","HB27","HB28","HB30","HB31","HB32","HB35","HB38","HB39","HB40","HB41","HB44","HB45","HB46","HB49","HB50","HB51","HB52","HB54","HB56","HB58","HB59","HB60","HB61","HB62","HB63","HB66","HB67","HB68","HB70","HB71","HB72","HB74","HB75","HB76","HB77","HB78","HB79","HB80","SB2","SB3","SB5","SB7","SB9","SB11","SB13","SB17","SB21","SB22","SB25","SB29","SB31","SB33","SB35","SB37","SB38","SB40","SB43","SB46","SB48","SB50","SB53"
"hsa_let_7b_5p",16.6509047450834,17.3165073382656,16.4635611751607,16.0716052106737,16.794747816822,17.2027504101223,16.5255033471869,16.5832170412434,16.3707071578324,16.3016905072653,16.1667520264302,16.8269083359757,16.0798429868138,16.521376262768,16.4647194201722,16.6168843090732,16.29739079146,16.8678091037997,16.3042553088328,16.0583699299419,16.2978518802919,16.4000066414262,16.2649355846997,16.4831762539201,16.3812397598983,16.6828432966522,16.7547483872178,16.5711983616263,16.3458468556805,16.4393381825877,16.4259422158878,16.48722005479,16.2776656585319,16.2867401612967,16.5868336042019,16.5467822885306,16.3760528428438,16.6719198298969,15.9501073800621,16.0306324683713,16.6741203410356,16.5876862705279,16.7189721723664,16.0795247296135,16.237299520419,16.7871793601225,16.5534373044927,16.0607047033944,16.3349057357063,16.4091983798815,16.2284989289384,16.2038339196951,16.6181462777891,16.4291867106013,16.6178399987593,15.6530844129828,16.2221559146763,16.3249505885316,16.5073556360117,16.2720549648595,16.6824563183754,16.0692315034511,16.1025963982071,16.7403664201404,16.7698901248789,16.8762739154759,16.3783090477467,16.6936082124167,16.7448131745345,16.8664705128345,16.2849439278326,16.75654625987,16.1038884424065,16.7443563729367
"hsa_miR_1_3p",5.18871489336559,13.05232265029,14.4056995037629,7.29350060828104,5.18871489336559,5.21681193906732,10.3854962540966,5.21681193906732,9.103923542,8.57469840369686,10.1349106715135,8.18886515014256,9.12641288993186,7.48612060104986,5.21681193906732,8.63189534387231,5.21681193906732,9.21015449679613,7.74941663360248,10.0743288674155,9.20447686376058,10.5503576027904,8.93680106390668,10.8523996829159,8.75264003808067,9.93457439793074,9.97000481063336,5.18871489336559,10.9001627540366,5.18871489336559,7.05896621010214,8.78612302444422,5.18871489336559,9.48158655324852,10.4845828970255,5.21681193906732,8.70403844515915,7.88307634443199,8.23080170350446,8.40371921166976,6.45642014081938,10.7145647440235,7.42243843697462,5.18871489336559,5.18871489336559,7.02066491822227,5.18871489336559,5.21681193906732,5.18871489336559,5.21681193906732,5.18871489336559,9.14999386384456,5.03705219300509,5.11192861036878,5.03705219300509,5.11192861036878,8.08192154622705,7.99399316225583,8.04143957816958,8.01126713767186,8.89557817198149,9.35458937531168,8.12473331717472,5.03705219300509,7.62693675804111,8.65332227668751,15.2283821797713,5.03705219300509,12.5717681430713,5.11192861036878,9.66019917053939,9.62426545247604,8.12524288675714,8.19044626623835
"hsa_miR_1246",5.31521473627189,5.31521473627189,9.74343924156945,7.65170746926477,10.8545607965754,5.31465931701785,9.64916812243211,5.31465931701785,8.87095494813272,8.01655779935667,9.81775982151608,8.22546058811415,10.2851751659635,7.43682481077844,9.25114530288756,9.12582497774903,8.29424022844268,5.31521473627189,5.31465931701785,5.31521473627189,9.18282734607272,9.73900224909125,5.31465931701785,9.75379159025707,9.53621838612557,9.91885680566096,10.042587827813,5.31521473627189,5.31465931701785,8.20362083353287,5.31521473627189,8.54387884766661,11.2719630334461,5.31465931701785,9.15451889458088,9.04182130745387,5.31521473627189,8.8005905986658,5.31521473627189,11.0255071869018,6.54493112445189,10.2523058686507,5.31465931701785,7.10633257750182,8.23763839432353,7.67459667178397,9.76889159136576,10.1939627103543,5.31521473627189,5.31465931701785,5.31521473627189,10.3168303536568,4.79693901413884,8.96082821408396,8.42416560201603,4.80107282406612,4.79693901413883,7.63203510303624,4.80107282406612,7.99703586899909,7.45374955718619,9.34961265831936,9.08590845769519,9.60875034757208,7.30570732356794,10.8395966599764,10.3279545776486,4.79693901413883,10.3494131282213,4.80107282406611,8.16002169082799,9.65854784709209,6.95371883615683,8.81637804922323
"hsa_miR_125b_5p",7.86737462977251,7.60256170393342,8.07278088989,7.32331415626814,8.57666460307568,4.43315081221744,8.16495215914382,7.96424971133358,9.21444697759652,7.80081120044423,7.99563787274255,6.49844536214375,8.20685287911494,7.70918876817083,8.78518304295652,7.17213221577472,8.40755031964521,8.05699422692845,6.79959781378773,9.21027233697763,8.79298381051908,9.47939543214502,8.73370061946265,9.93441056874124,9.6099636590836,9.19652318506482,4.45631437177684,4.45631437177684,8.57210581567905,8.00307902800141,7.13062982381334,7.28373507017947,8.93641530542774,8.23790972857899,8.38972297938128,8.32061260772272,7.70882011406423,6.75074988761648,7.45021665376621,8.41781801965114,6.01181571842132,8.88035966956195,6.28200496274089,7.80015523548661,8.12936899518366,6.49735436952908,8.44718017115672,7.40879831852211,8.07605407437775,4.43315081221744,7.31927184402773,7.47269227907794,7.60561091396468,7.47269227907794,7.60561091396468,7.47269227907794,7.60561091396468,7.47269227907794,7.47269227907794,7.47269227907794,7.60561091396468,7.47269227907794,7.47269227907794,7.60561091396468,7.47269227907794,7.60561091396468,12.0993495784602,7.60561091396468,7.47269227907794,7.47269227907794,7.47269227907794,7.60561091396468,7.47269227907794,7.47269227907794
"hsa_miR_128_3p",7.53979920678364,8.47566398376487,4.72241537182133,7.85659320072503,4.72241537182133,8.35032813752997,8.69271110492112,7.45107710918906,8.09536511661923,7.9907373147117,8.15144626012371,9.12219745070301,4.67288623101419,8.27671011286849,4.67288623101419,8.27319642310264,8.09207837017003,4.72241537182133,7.60956741731612,4.72241537182134,4.67288623101419,8.96965173621311,8.20111756957322,4.67288623101419,8.14081717827089,4.72241537182134,4.72241537182133,4.72241537182133,4.67288623101419,4.72241537182133,7.49093878444097,8.98500903590968,8.21634804269337,4.67288623101419,7.9461384536089,8.32588010203255,8.22214080266214,7.08553326241956,7.15309571878815,8.29157998845078,7.59522099059191,8.90436138636624,6.63289161579098,8.92678985171658,8.83779551225873,8.0007687527762,9.21505705565392,8.45360608225089,9.32054022390995,4.67288623101419,8.32473168134228,6.37885745902483,6.59779573787324,6.37885745902483,6.59779573787324,6.37885745902483,6.59779573787324,6.37885745902483,9.53229221688689,6.37885745902483,10.20929229981,6.37885745902483,6.37885745902483,6.59779573787324,9.09145589093584,6.59779573787324,6.37885745902483,6.59779573787324,6.37885745902483,6.37885745902483,10.2019549203558,6.59779573787324,9.79552903588003,6.37885745902483
"hsa_miR_140_3p",8.5849419100188,8.39230796106284,8.33779361457034,8.06865501026515,6.89079981873543,8.7808229666358,8.84164009713511,8.61287039033238,9.3441174034922,8.71783053073796,8.53909161489725,9.2506100494318,9.02916316988889,9.23880553921741,9.18990371105733,9.21870258666065,9.77064140739262,8.39842252397985,8.39520559170237,8.72091193152198,8.60353178822912,9.1345557802327,8.31763138930935,8.43207292269427,8.59861786682846,8.81249583281945,8.1013481307283,9.30057650315967,8.83313113189887,7.84809374618953,8.53813897896939,9.5017575041203,8.94857313385759,9.31861988892687,9.79094901479664,8.53396864479215,9.0287899966293,8.74117003587579,8.82162893280587,9.18953158727888,9.1210325992978,8.68054694529633,7.963096921252,9.14115035015156,8.8195509097664,8.25874119519027,9.68448993401442,8.6921842966203,8.62040696460268,9.71086702040779,9.26110302274228,8.5017256844351,8.43945521457221,8.5017256844351,8.43945521457221,8.5017256844351,8.43945521457221,8.5017256844351,10.5700675739208,8.5017256844351,8.43945521457221,8.5017256844351,8.5017256844351,8.43945521457221,10.8701553007568,8.43945521457221,8.5017256844351,8.43945521457221,8.5017256844351,8.5017256844351,9.97775363635215,8.43945521457221,8.5017256844351,8.5017256844351
"hsa_miR_142_3p",12.591959816551,12.3963790690151,12.8158938365254,13.2537310521816,12.4215721682977,13.5145572512651,12.9685288572103,12.6100343108357,13.1949975345194,12.7109227664647,12.8346446826995,13.0414335417973,13.3040297697382,13.8943662448582,14.1276148884115,14.5463026364424,13.1454161085722,13.5425151342145,12.7446802440863,13.439022807319,12.9257987554197,13.1218592571151,12.2742376484777,14.5618999803741,13.7702551283546,13.3772684319959,12.7032830339077,14.2630724642116,12.8587527980373,14.1097621624661,12.1935630864156,13.2785769630979,13.6834747069246,13.6662249140174,13.1265889347995,13.5324310789631,13.528610275158,13.5633271696676,13.3943520689175,13.6323834325293,11.7344895265952,13.3824180740534,12.9556767314131,13.809243755924,12.1392014131761,12.5232925858277,13.075673939318,12.4633563043951,12.283029548067,13.1480412834634,13.8389506079963,13.1296301536564,9.55310259735404,13.2058659063902,13.2373987426491,12.9059676498648,12.8003842695476,13.3566840537495,12.9226277498539,13.1246887582865,12.6521269348269,13.8515498314614,13.497698166578,12.8745183742343,13.4446549211618,13.4027060827525,13.1908461311415,13.5766406558129,13.7643860955353,13.1741697328697,13.2813565501068,12.8847078863341,13.9805675320056,14.0550853574177
"hsa_miR_143_3p",10.2982769116107,11.7030481362157,11.0859712181996,10.4416815804348,10.7220732682817,12.8070560087719,10.922209098838,10.4596544162264,10.7445917046946,10.3816826701142,11.0723377687619,12.6583871086301,11.2290076588557,12.0184097104783,10.7843413797912,13.7145649388848,12.8116536945812,10.7251128214344,10.55838734672,11.8414361353083,11.5089633055924,11.4261324033947,10.8141050670536,12.8091095968361,12.3762761059525,11.4580633957963,11.0031971854449,12.4848343271248,11.1168436179867,12.3553638065468,9.24899441198732,11.9371073937226,12.6206392931452,12.3645425942486,11.388301873777,11.2771479635422,11.3781003908669,11.3497790174167,11.248799778637,11.5233460986521,10.7606304562008,12.2639483828941,11.983349941725,12.5584202744807,11.5380259593347,10.8294902084337,11.3196552809502,10.4712391938255,11.5206147431293,11.1948558786119,12.8432558603951,10.4324118444214,10.6521741531323,11.0969489232551,11.5585112380995,11.1810285674203,11.9162693096012,12.2936579023382,13.3854502874628,9.86444038717358,10.2978753961057,11.6765494878337,11.1728989746472,11.4834333466863,13.0967417763795,11.0767988748247,10.7843039041141,12.0305950412407,11.6304235790288,11.6155285944102,12.1622199377723,11.2407826198943,11.538070530401,12.3139156574908
"hsa_miR_146a_5p",9.03923265827983,11.4222493968604,9.86006324004898,8.65603422487074,10.4236856172658,9.54920931119418,9.81903705282859,8.80940090863977,10.5148293442574,9.79217336431453,9.55953105724583,8.48189039129295,9.02572582688245,10.1795407124889,11.6052224320743,9.42351729804663,9.19195194291298,9.24332627220381,8.95541720281495,8.30424373096832,8.96259951642852,10.137703453658,8.92966439152775,10.8545889576277,10.3240137409965,9.83449518545585,8.91148077375904,9.31679527225342,9.34368785397639,9.0728554291576,7.58752835996783,8.57846594849367,9.18427859859323,9.19090166792273,9.21097754166825,10.008056733223,9.3255122097607,9.78914673947465,9.2753513413199,10.6788002075251,8.74746274209315,10.5437668644814,8.53240704410578,9.5896131278848,12.2557632105912,8.04852130465215,12.4579773538778,10.6788477811285,12.7508186058861,11.1053497695911,9.49754821084539,8.97847892379404,8.97514220377754,8.97847892379404,8.97514220377754,8.97847892379404,8.97514220377754,11.7225132490732,10.6791883334379,8.97847892379403,8.97514220377754,8.97847892379404,12.1483579947005,8.97514220377754,10.9331209240245,8.97514220377754,8.97847892379404,8.97514220377754,8.97847892379403,8.97847892379403,12.3085002188448,8.97514220377754,11.4404613855365,8.97847892379403
"hsa_miR_16_5p",17.1666665112823,16.108948835682,16.8876335743162,17.1666728075847,16.083335127263,16.516637429559,16.9840291568354,17.3236724620492,16.9776840592217,17.3740478284944,16.9149045203536,16.9881491027556,16.64700767344,16.9678247198903,16.7103220202245,16.5970900408436,16.5812156884471,16.7530225697978,17.4421523272144,16.4877532941531,16.4484281853502,16.6442812581101,16.6985967480523,16.1307909998427,16.8586041197371,16.8621225337266,17.0608263581457,16.7189755082869,17.0443075045461,16.568581928011,17.3705347890578,17.2785226217984,16.5520645596356,17.0778863147525,17.0072091658499,17.0734152660347,17.2397711341789,16.8948896113422,17.3595058709123,16.954012978446,16.1004261358582,16.7247107371956,17.3066270084373,17.2921069450568,15.7060868702992,17.1349584100634,16.3573606203376,16.9182091213273,16.5917613377184,16.9523349942811,17.0203854139908,16.4271955720782,16.9534556026764,16.8558126885396,17.1004818922829,16.9480571947295,16.5921584099042,16.2158814452817,17.2674830716348,16.0840987745696,17.2022730453085,16.0465727466984,16.2377861449227,17.1422875723847,17.1885700983259,16.9257019274027,16.7507661335399,17.0675493625149,17.500811908504,17.2278177263301,16.9329705927848,16.529266370231,16.9071547657135,16.508759509813
"hsa_miR_192_5p",8.57104847942712,8.15528512611182,8.20263465462676,8.75944601857939,9.4708384169873,7.65384732830423,8.81982090853004,7.95801641005534,9.60809233483925,8.67875048333999,9.15373072075024,8.30799043350561,8.53973544648591,8.45197078367811,8.77784683958121,8.03110239351052,9.9456506738222,7.75195618326479,8.15692940189296,10.9874745022064,10.9131468498652,9.69446563622196,10.4144418414002,9.17041958274402,8.69782438184638,8.62111733513401,8.1510380540649,10.5211420172407,9.51702343122194,9.47372245834604,8.4126189533444,8.90213838306641,10.121605599887,9.14328967438927,7.90368791933605,7.9877054439771,8.54400484747605,7.761759090472,8.66732367955803,8.79808656045934,7.75253688504296,8.05148681937044,7.2970260307551,8.23489234510865,8.19979766865342,8.1014865643401,8.51369819116008,8.3336516803668,8.49078904795843,7.99876485779713,8.39363933728125,8.43393098667328,8.4547031010205,8.43393098667328,8.45470310102049,8.43393098667328,8.45470310102049,8.43393098667328,9.98057774255469,12.0418204023531,8.4547031010205,8.43393098667328,8.43393098667328,8.45470310102049,8.43393098667328,8.4547031010205,8.43393098667328,8.45470310102049,8.43393098667328,8.43393098667328,8.43393098667328,8.4547031010205,8.43393098667328,8.43393098667328
"hsa_miR_205_5p",7.51437554780346,6.99956710080231,9.67072460349534,7.91076926227854,10.2019568000833,4.62301917588121,4.5951936116287,4.62301917588121,9.57870767594605,8.36999456670477,9.93636823879631,7.68954140395653,10.5781565089302,6.96105034949138,8.32004575374335,4.5951936116287,7.76180603304227,4.5951936116287,6.67327877384973,4.5951936116287,4.62301917588121,9.96401261758741,7.91778586455379,9.77224904477372,8.2758693303005,9.00996971028942,8.32269533425597,4.5951936116287,8.54931233232815,4.5951936116287,4.5951936116287,7.60686762901639,9.72413296741187,4.62301917588121,8.54204410987622,8.63974963394984,4.5951936116287,7.91838452357031,7.01781502667224,8.93611473869215,5.49942258089358,9.64696708550976,6.43335449852899,7.54073896641216,7.3634705433354,6.67276670416053,4.5951936116287,10.7130261233482,7.31289559825307,4.62301917588121,7.68383051721301,6.8521192634188,6.72462346553202,6.8521192634188,6.72462346553201,6.8521192634188,6.72462346553201,6.8521192634188,6.8521192634188,6.8521192634188,6.72462346553202,6.8521192634188,6.8521192634188,6.72462346553201,9.26688340665412,14.650580309448,6.8521192634188,6.72462346553201,6.8521192634188,6.8521192634188,6.8521192634188,6.72462346553202,6.8521192634188,6.8521192634188
"hsa_miR_223_3p",12.4256763221591,12.7585927632258,11.8793647296307,12.1950180284809,12.5594935835588,13.890755563864,12.8374038406363,12.2834862387414,12.8462903017447,11.6124982635778,12.8414801742891,13.5456973911754,13.386323758708,14.0909412839308,12.9440903579468,13.9746016193675,13.4402982600108,11.8965410384534,11.9927833557615,13.1861015252049,12.2615394358293,13.2938750134716,12.2066899136719,14.4501749026995,14.0875870550195,13.1632987929995,12.410527482105,13.7691620385511,11.7074092520669,13.5329878604635,10.9008506267388,14.1620951651733,13.8686895985045,13.4161558432603,13.0359462667678,12.0020978868928,12.9392581973615,12.4264566641727,12.3227790672626,12.9243148108849,11.5601853073191,12.8252285429591,12.1686620959542,14.952352926478,12.444070695514,11.5392023836627,13.0528347888971,12.4573783409631,13.3855137789626,13.1186437855281,15.2937895581587,12.4428610525341,12.3953912185221,13.1369990307172,13.2545975642133,11.3710315961312,12.4903785336062,12.628516612823,13.302891240852,12.6887363022984,11.3245400521387,13.4452485032091,13.6140629953487,12.3810759977082,14.5646874664629,12.1071839704774,11.7951504791128,13.7371892402435,13.2748809826174,12.4348396715493,14.0194106200158,13.3370128037983,13.1763589803736,14.1003799460982
"hsa_miR_24_3p",8.53536973919476,10.419058645187,9.37270923172599,9.35649291452666,8.99630986099186,9.42595392926803,9.98399403353704,9.7176347838066,10.1628890004345,9.07769677443515,9.93282962299098,10.3362391093538,10.2971143697026,9.94090227691639,10.6417242107353,9.60641944865074,9.29798956409609,6.04515287138109,8.82415452307298,10.3651045726035,9.62763586409604,10.8954852129763,9.54823404857262,10.181064246247,10.5157701394261,10.252601923097,6.04515287138109,6.04515287138109,9.74152254476485,9.83034915548756,8.35388548083651,9.73992703932329,9.44202887987484,6.02215003193468,9.62470802028099,9.50091492723868,9.18379841296366,8.98141678860512,9.38885972494178,10.0808037174366,8.98617233843765,10.5133535851011,8.86913197110489,11.0389810195038,9.60312187843578,8.70719383939076,10.4801143411327,9.69784666586457,10.4695107266406,10.2525923972709,10.7826734126579,9.82592114259712,9.97810768618096,9.16752959658485,8.66853474002156,7.60637751193361,9.33224380318963,10.1650801371119,9.66416593011723,9.74680319859187,9.43999384959231,10.9309091319384,10.3647452449302,7.57550445392272,10.9961628788717,9.33828421772028,9.09015219488246,9.63386404415573,9.16553653975848,8.99271415391649,9.87055776984575,8.94840343867167,9.96871401396068,10.1076511952956
"hsa_miR_320b",9.27983956906837,9.9969233158184,6.46778887650212,8.8109707508994,10.8103794297614,6.54815627596124,9.928643646471,9.50099833188089,6.46778887650212,9.56793273577503,6.46778887650212,9.17972342457385,10.6951727071069,8.76163045818442,9.46034849135035,10.0118485074613,10.3023940849147,10.1418961785901,8.70144117421436,6.46778887650212,10.3248160489976,6.46778887650212,10.069708879482,10.8178028410466,6.46778887650212,6.46778887650212,6.46778887650212,6.46778887650212,9.466826738439,9.46916797242486,8.20297201911826,8.75327777839763,10.0294580347803,10.4305043545575,9.57127415100572,9.76948956182152,6.46778887650212,9.50468129891651,6.46778887650212,9.28215425441911,10.4520792534449,6.46778887650212,8.20016340122594,9.27125903196469,10.7395489253856,9.59174365396286,6.46778887650212,11.1063997041268,10.2063928754612,6.54815627596124,8.90737081647224,10.2007901721895,9.48754103173657,9.27907083906451,8.96014702383133,7.36447554259004,7.74292232231833,8.49296830571747,7.63961314367654,8.54694833253102,6.74225016456031,9.23521910342564,7.86372603139026,9.13735228288721,8.25645133581845,12.0135092510748,10.0088154221225,7.99661886739499,9.07895755922791,10.2105346120633,7.94330726648767,9.32406786042265,6.64753764231868,9.70291257680215
"hsa_miR_320c",8.46285272563831,9.75566022732336,9.44974850075597,8.61965886808096,10.5603130390537,9.39680221654482,10.1961823230556,8.38902555485963,9.58549687004582,8.75523366684663,10.0374395702217,9.10071651005552,10.0151029723852,8.72085067805496,8.97522279529856,9.2464371335362,9.63567415986273,5.80695526442391,8.24115655618879,10.0845960909648,9.78577580718249,10.4397083340655,9.89776992744843,11.2128899572015,5.80695526442391,5.80695526442391,10.1498593973457,5.80695526442391,9.04662508195655,9.04876994130286,7.72281867411906,8.06307353653152,9.93698151458439,9.6899389211562,9.43459180577725,9.71580325522489,5.80695526442391,9.34871139519555,5.80695526442391,9.21208059018878,9.22452540865762,10.1870202776577,8.37285761275201,9.15900278408432,10.2726700543621,8.2157452010236,5.80695526442391,9.96589643190076,9.49751477107066,5.85748257820983,8.65403187835891,10.7345072216244,9.82590585777937,9.18006798209811,9.90249937216106,7.90334055789161,8.80624450860047,8.17523253743259,7.98995899359787,8.73251799403168,6.92195826521774,9.45831130113496,7.46514347453501,9.48031517328823,6.84703573758888,10.8609644055145,9.33663055895863,9.35713846504904,9.50083205334094,10.1468296172112,7.38976931141685,8.70172973339923,6.90226106394678,9.43093054930969
"hsa_miR_423_5p",13.7314862684449,14.9105243845992,13.9241814253183,13.4490289223045,14.001839649371,15.0841576942114,14.3664963332212,13.9402255011088,14.2736872710321,13.8544133944243,14.1618784090985,15.7773365015149,13.7809254898299,13.6093785485093,13.6820509700786,15.2442286683257,14.5395310094901,14.1063654779868,13.7559467701602,14.5821902457798,14.4165508831838,14.5528352802239,14.5840596331989,14.508106927521,14.171041069337,14.6610351330108,14.0818299304846,15.3456786751119,13.7433809513228,13.7775740783934,13.4390862342739,14.2174251628269,13.8726257971758,14.9047939829487,14.2059482665601,14.1671830214953,13.6525941653882,14.2522873925223,13.3697134922336,14.2520869097477,15.7180997962089,14.742263945998,14.1790387002995,14.6326203714769,14.8983151799018,14.8409297112741,15.1127132921918,13.894364526192,15.0293525975441,13.9739585032091,14.1641652407325,13.0682797006598,14.3256122689432,14.2282802368169,14.5751455755748,13.4915939964585,14.9561292399366,14.7349534434036,15.508449321143,15.1183450017273,14.9737334303277,14.0887022105243,14.242301209384,13.872679162594,14.7836311827681,14.191276524412,13.9674759441846,14.4585287677778,13.8953518751517,13.9545278824815,14.5135680833073,14.6635867941809,14.1376466468513,14.165686705595
"hsa_miR_483_5p",7.04182915705874,9.56556105610091,4.82074275169478,7.40295591331571,8.64032068162139,8.89286179212911,4.82074275169478,8.02718089319433,8.34965237268319,7.6321848437113,4.82074275169478,4.82074275169478,4.82212961503721,4.82074275169478,8.47522379810183,9.19265550623397,7.77922746762127,4.82074275169478,4.82212961503721,4.82074275169478,10.6880297420967,9.09277343762301,9.7478836123244,9.5584023458675,8.03635192150337,9.25923231085023,9.42375641111722,4.82074275169478,4.8221296150372,8.90111599920693,4.82074275169478,7.51943548229314,9.15141940460023,4.8221296150372,8.53276389470892,8.42347079933781,4.82074275169478,8.69953550336999,4.82074275169478,7.56442892268083,6.85384529165431,4.82074275169478,7.08584875158704,6.29752117543307,10.1166679902332,7.10833168419181,8.8850892829121,8.97800321027852,7.8752127223094,4.82212961503721,7.63127600630789,5.90473324518439,5.90348993669019,5.90473324518439,5.90348993669018,11.1064183907451,9.23304663124229,9.3471082115235,8.36453818166363,9.40366666260349,9.97839286449232,5.90473324518439,5.90473324518438,5.90348993669018,5.90473324518438,5.90348993669019,5.90473324518439,5.90348993669018,5.90473324518438,10.7106547577046,5.90473324518438,5.90348993669019,5.90473324518438,9.34213847488562
"hsa_miR_486_3p",11.3551040406666,10.906485141004,10.5941348635434,12.1580274611141,10.6214491571604,10.0330996358937,9.41734925452879,11.5318803768323,9.88659370743129,11.4675149150598,10.8555145354553,11.1145832684615,11.0816470806895,11.2064447129642,10.5373737388665,11.0778998500644,11.9406151496907,11.148966485508,11.3465748084026,10.0905681403572,11.2542922829088,10.5379661310637,11.3660924823465,10.0852999034235,10.4628743741025,9.62159834260228,11.4130035399132,11.564083231942,11.1044321089657,11.4522083714107,11.701562968322,11.1380719337316,10.6455833719681,10.9025692906311,10.8281139719369,10.8503353298268,11.276676862535,11.4482006315555,12.2620842151813,11.3107632922291,13.3226477204386,10.6939721653409,11.1051992478973,9.73059330346734,10.5590482684956,11.7591505442624,11.4038889006909,11.7866061221306,11.1132292900312,11.1751545987407,11.0340848110566,10.8031002075688,12.6399013432652,10.7636091806775,12.3417736779836,10.9537953272786,11.6113039454633,10.5000674247432,10.9419551748152,11.1796273837045,11.5245799180034,10.8678043583357,10.3077994091816,11.079769720262,11.1478573111377,10.4509755031773,11.1106921895194,10.4645195283035,10.442907908233,11.9704255747388,11.2597522221794,10.0649929638527,10.8591858625321,10.2011609423843
"hsa_miR_486_5p",15.3359124479494,15.1625590254511,15.758231263809,16.4894685517913,14.6518268783507,14.7345751338084,15.5616467730413,15.7448248420623,15.4984865344233,16.1210419021452,15.8323735763428,15.1498300432715,15.6352890606193,15.5961168832159,15.3145301327513,15.1244267262576,16.0099240388927,15.3722747506845,15.9045248672764,15.055272954161,14.885728501211,15.5520512158165,15.4739790884618,15.0510196611451,15.5065786908842,15.5050170747535,15.7677702015606,15.7422508966656,15.8478559766537,15.2676230042958,15.7024148039437,15.705334159333,15.2147659850452,15.5222708876684,15.5152562251939,15.3686404179568,15.5191050452132,15.1271943010178,16.2722937885118,15.6493466869224,16.9141631713395,15.3299170050026,14.6715982298292,15.25242416194,14.4447594755134,15.9577868470912,15.2917755720471,16.174397174597,15.516304413125,15.6242597443576,15.2524560906191,15.1236728069459,15.8822143215385,15.7371761010302,15.7750424899974,15.3544705003608,15.1720730707922,14.7322583869055,15.9582556985065,15.2829632541052,16.2669680018536,13.9357989805358,14.3612428102535,15.8773966861616,15.7775391041322,15.8423835126743,15.7142706092762,15.9048942118153,15.9211463638472,15.923317755043,15.1945966830416,15.4386524890012,15.6787158385151,14.8936007422959
"hsa_miR_7_5p",8.7082827471247,9.05144054018349,9.46671274677605,9.34916487274091,8.69623333106783,4.78985169779457,4.77987719251846,8.42000750227402,8.85146822568347,9.146484925095,9.60511370315589,8.65378020373974,8.97804199957048,9.52263454031647,8.89403594798923,9.81017792461023,9.27104862652526,9.46500223330326,9.55620809554713,4.77987719251847,9.09621091789078,4.77987719251846,4.78985169779457,10.0473457117444,8.75476047435412,4.77987719251847,9.295280920693,10.3996550938985,9.33397299662714,8.9617664691184,9.24135928153715,8.80052441068293,9.32937422226167,9.42109174506938,9.48684198823942,9.85239602661166,4.77987719251847,9.87403407975024,9.11171318716489,9.92884533910968,10.3503873670488,9.16413984182259,8.84611986224002,9.29732730204667,8.88748764704749,9.09573818365702,4.77987719251846,8.55690795434577,8.93829089943102,4.78985169779457,9.13283226562376,5.9157937456093,5.89178606092926,8.999930068474,9.98490400492307,8.75364757736952,5.89178606092926,8.7335213467657,10.1364661840523,5.9157937456093,9.44130528184297,9.09549121572353,8.86134296091145,5.89178606092926,9.99789695631137,9.42732936489739,12.4509030411806,5.89178606092926,10.7240382581116,5.9157937456093,10.3755692087753,9.2456188576779,9.3350884257754,8.26016858739725
"hsa_miR_744_5p",6.01715308689598,9.15007378176507,6.01715308689598,8.90007170740337,9.36096413278512,9.39026894806436,6.01715308689598,6.01113396970578,6.01715308689598,6.01113396970579,6.01715308689598,8.73289887267429,6.01113396970579,9.97033864735834,9.20201063944354,10.6443511382613,9.0741944406127,6.01715308689598,8.19535612557334,6.01715308689598,6.01113396970578,10.0776999061158,6.01113396970579,10.9162007553262,9.6468366611543,6.01715308689598,6.01715308689598,6.01715308689598,6.01113396970578,9.21008298293299,8.01263297859585,9.1577134423623,6.01715308689598,6.01113396970578,6.01715308689598,6.01113396970579,9.21361169120256,8.52692268957131,9.45357811785417,9.19666910879642,9.441293803262,6.01715308689598,8.35506019848982,9.79443144760899,10.0523552705373,8.55256279498816,10.8607762223856,9.83266611227533,11.1057623367705,6.01113396970579,9.72000645705412,2.98572385028981,9.02188139343426,9.05944950703813,9.10547933868295,6.74735287124513,8.50336939547143,9.42368454939124,8.46081870065824,8.67804712382085,8.3645988187844,9.28805244169253,9.85539276786792,7.50627142418441,9.01202358096384,7.18903334545945,8.27639800334317,8.24350604722823,7.4573899052454,2.98572385028981,9.39634216870589,7.90631763912707,9.01316133484059,8.16689898191422
"hsa_miR_98_5p",10.7838334082246,11.026148472953,9.68985276300313,10.2953710946449,10.2197455544642,9.95634360049225,6.60167458885382,10.443990516531,10.0524502943017,10.2929968687732,9.90920235326554,10.8983983014448,6.57934042104284,10.6212806100149,10.2932490825251,10.8051114936031,10.2432507813212,11.2287491167935,9.72995964795498,10.7893840610898,10.4250468353403,6.60167458885382,11.0098192811009,6.57934042104284,10.1025262153785,6.60167458885382,10.4285927047828,6.60167458885382,9.78791522415359,10.4687530883923,10.5377478477019,10.4818288297853,9.97180442796288,10.5829313898108,10.7405870106515,10.2360283757386,10.5911744439485,10.826201605636,10.2730144382027,10.1616801300565,11.1900003058743,10.5380098339719,10.7940151572052,10.3447834995789,10.3503742448521,10.3249882388838,10.5370795167935,10.380072423949,10.1260346918528,6.57934042104284,10.158616666011,8.82045655502028,10.3525406111397,10.8366611795996,10.5514268457372,8.40007389834437,10.4034711788326,10.7693222168787,9.44898805796088,9.86975690162881,9.50142698348016,11.0142315405785,11.0950887275671,9.17042814963236,10.4463755278129,9.57824632495453,10.3288695778393,9.41743001076317,8.81079027767962,8.89817906286458,10.8066725921146,9.97082410547757,10.9384302701324,9.60571773750486
"hsa_miR_99a_5p",8.24860195604291,4.97746783494177,4.97746783494177,7.51192003639661,4.97746783494177,4.98205244535142,8.78407968642554,7.71063023127831,9.80108800950434,7.79561709277565,4.97746783494177,7.10619643447146,4.98205244535142,7.84222013945063,8.41989541255204,4.97746783494177,8.44822816921014,4.97746783494177,7.16660279547265,10.2126476578516,9.80579750848293,4.97746783494177,9.90760114417445,9.88785625066031,9.2470571081382,4.97746783494177,4.97746783494177,4.97746783494177,4.98205244535141,8.60077999003534,6.97324756108477,7.89248544188316,9.72990033973126,4.98205244535141,8.27951650142281,8.40948913024671,4.97746783494177,7.24251146860353,7.7582765003017,8.53467145558624,6.54816284111117,4.97746783494177,4.98205244535141,7.39318875151402,9.27140544714761,6.76416257240443,4.97746783494177,9.2691755139718,8.45018495475802,9.69622992333515,8.0054069046251,5.55687366464249,5.54601160574833,5.55687366464249,5.54601160574833,9.4846497845797,9.20545766568778,8.71444578809428,8.16244737047525,9.72984998377868,9.3599017990811,8.69205278042635,8.7044491946958,5.54601160574833,8.14786749697643,5.54601160574833,5.55687366464249,5.54601160574833,5.55687366464249,5.55687366464249,8.99455656763664,5.54601160574833,5.55687366464249,9.40394640695321
